course,lecturer,students,venue,room,capacity,timeslot,duration,level
CSC415/ COS331,Dr. Jonathan Oluranti,431,HALL201,HALL201,450,Wednesday_8-9,2,400 & 300
CSC112/CST111,Prof. Oladipupo Olufunke Oyejoke,416,HALL201,HALL201,450,Friday_4-5,2,100
GST211,Unknown Lecturer,402,LARGELH,LARGELH,1000,Wednesday_12-1,2,200
ACC111/11 2,Dr. Nwobu Obiamaka,318,HALL307,HALL307,350,Saturday_4-5,2,100
ACC111/112,Dr. Eriabie Sylvester Osarumwense,316,HALL107,HALL107,500,Monday_2-3,2,100
BUS111,Unknown Lecturer,313,OVERFLOW_HALL_2,OVERFLOW_HALL_2,800,Tuesday_2-3,2,100
ACC111,Mr. Ogaba Moses,309,COLLEGE_HALL_A,COLLEGE_HALL_A,350,Friday_4-5,2,100
CSC233/211/235,Prof. Oyelade Jelili Olarenwaju,305,COLLEGE_HALL_B,COLLEGE_HALL_B,350,Thursday_12-1,2,200
PSY116,Dr. Agoha Benedict,299,HALL201,HALL201,450,Tuesday_1-2,2,100
ACC119,Dr. Nwobodo Helen Ohioren,298,CHAPEL,CHAPEL,1200,Thursday_11-12,2,100
PSS 112,Unknown Lecturer,297,OVERFLOW_HALL_2,OVERFLOW_HALL_2,800,Wednesday_11-12,2,100
ARC111,Dr. Olagunju Omoniyi Ogheneruemu,297,COMPUTER_LAB,COMPUTER_LAB,300,Thursday_9-10,1,100
PSY112,Prof. Adekeye Olujide,297,HALL203,HALL203,400,Monday_5-6,2,100
PSS113,Unknown Lecturer,296,COLLEGE_HALL_A,COLLEGE_HALL_A,350,Thursday_2-3,2,100
ARC113/133,Dr. Jegede Oladunni Foluke,293,COLLEGE_HALL_A,COLLEGE_HALL_A,350,Thursday_4-5,2,100
SOC115,Mr. Olore Amos Adebayo,292,LARGELH,LARGELH,1000,Monday_8-9,2,100
CMS111,Unknown Lecturer,292,HALL204,HALL204,400,Wednesday_3-4,2,100
MAT112,Dr. Oluwadare Julius Remi,291,LT1,LT1,2500,Tuesday_4-5,2,100
GET111,Unknown Lecturer,290,HALL203,HALL203,400,Wednesday_3-4,2,100
POS115,Unknown Lecturer,289,LIBRARY,LIBRARY,500,Monday_10-11,2,100
PSI112,Unknown Lecturer,287,LIBRARY,LIBRARY,500,Wednesday_5-6,2,100
MEE 111,Dr. Omotosho Olugbenga Adeshola,286,OVERFLOW_HALL_1,OVERFLOW_HALL_1,1000,Friday_3-4,1,100
GST311,Unknown Lecturer,285,COLLEGE_HALL_B,COLLEGE_HALL_B,350,Saturday_10-11,2,300
MKT111,Unknown Lecturer,285,HALL203,HALL203,400,Wednesday_1-2,2,100
ECO113,Dr. Aderounmu Busayo Olubunmi,281,HALL203,HALL203,400,Friday_4-5,2,100
MAT/MTH111,Mr. Odekina Onuche Gabriel,279,LT1,LT1,2500,Friday_10-11,2,100
COV CIT111,Unknown Lecturer,272,HALL201,HALL201,450,Wednesday_3-4,1,100
MAT 114/ STA 112,Dr. Alao Grace Olafunke,272,HALL306,HALL306,350,Friday_8-9,1,100
PSI 111,Unknown Lecturer,271,OVERFLOW_HALL_1,OVERFLOW_HALL_1,1000,Wednesday_1-2,2,100
TMC111/ COV TMC111,Unknown Lecturer,268,STUDIO 100,STUDIO 100,280,Friday_1-2,1,100
IRL113,Unknown Lecturer,267,OVERFLOW_HALL_1,OVERFLOW_HALL_1,1000,Monday_9-10,2,100
ARC119/132,Mr. Ndimako Onyedikachukwu Oziomachukwu,264,STUDIO 100,STUDIO 100,280,Saturday_4-5,1,100
BUA111,Unknown Lecturer,264,LIBRARY,LIBRARY,500,Monday_4-5,2,100
ENG112,Dr. English Lecturer (ENG placeholder),263,HALL107,HALL107,500,Wednesday_12-1,2,100
MEE111,Dr. Dirisu Joseph Osekhoghene,262,HALL202,HALL202,450,Friday_3-4,1,100
SOC111,Dr. Jegede Ajibade Ebenezer,260,CBN_AUDITORIUM,CBN_AUDITORIUM,700,Saturday_3-4,2,100
ESM112,Unknown Lecturer,260,OVERFLOW_HALL_2,OVERFLOW_HALL_2,800,Friday_4-5,2,100
MCM131,Unknown Lecturer,260,OVERFLOW_HALL_1,OVERFLOW_HALL_1,1000,Friday_11-12,2,100
BUA 111,Unknown Lecturer,258,HALL202,HALL202,450,Wednesday_5-6,2,100
PEE 111/ PET 311,Unknown Lecturer,257,HALL204,HALL204,400,Thursday_2-3,2,100 / 300
PSY 117,Dr. Sussan Olufunmilola Adeusi,257,HALL108,HALL108,350,Saturday_4-5,2,100
BCH453/359,Prof. Adebayo Abiodun Humphrey,253,HALL306,HALL306,350,Thursday_2-3,1,400 & 300
MCM115,Unknown Lecturer,252,OVERFLOW_HALL_1,OVERFLOW_HALL_1,1000,Saturday_5-6,2,100
CSC214,Mr. Osofuye Odunayo,252,LARGELH,LARGELH,1000,Friday_4-5,1,200
CSC231/310,Dr. Jonathan Oluranti,250,CHE 200LH,CHE 200LH,250,Friday_5-6,2,200/300
LIT112,Unknown Lecturer,249,CHE 200LH,CHE 200LH,250,Wednesday_4-5,2,100
PRE413,Unknown Lecturer,248,TEMP_HALL_1,TEMP_HALL_1,250,Monday_8-9,2,100
COV-ENG118,Unknown Lecturer,247,COMPUTER_LAB,COMPUTER_LAB,300,Wednesday_11-12,2,100
ICE111,Unknown Lecturer,245,HALL201,HALL201,450,Saturday_9-10,2,100
GST312,Unknown Lecturer,245,E202,E202,250,Wednesday_3-4,2,300
CHM111,Prof. Williams Akan Bassey,245,HALL204,HALL204,400,Tuesday_4-5,1,100
IRL111,Unknown Lecturer,243,HALL307,HALL307,350,Saturday_3-4,2,100
COS111,Unknown Lecturer,242,CHE 200LH,CHE 200LH,250,Thursday_2-3,2,100
ENG 115,Dr. English Lecturer (ENG placeholder),242,HALL202,HALL202,450,Friday_10-11,2,100
MAT114/ STA112,Dr. Oghonyon Jimevwo Godwin,240,LARGELH,LARGELH,1000,Monday_11-12,2,100
SOC112,Prof. George Tayo Ola,239,HALL308,HALL308,250,Friday_12-1,2,100
FAA112,Unknown Lecturer,237,COLLEGE_HALL_B,COLLEGE_HALL_B,350,Friday_12-1,2,100
SOC114,Dr. Adebayo Mercy Ebunoluwa,233,E202,E202,250,Thursday_1-2,2,100
MCM111,Unknown Lecturer,232,STUDIO100,STUDIO100,250,Tuesday_11-12,2,100
MCM113,Unknown Lecturer,231,LIBRARY,LIBRARY,500,Saturday_1-2,2,100
ARC111/ FAA113,Dr. Omoyeni Fulani,230,OVERFLOW_HALL_2,OVERFLOW_HALL_2,800,Wednesday_5-6,2,100
CSC214/DTS314,Mr. Franklyn Emmanuel Owajiya,230,HALL307,HALL307,350,Thursday_9-10,2,200/300
STA 111,Unknown Lecturer,230,OVERFLOW_HALL_1,OVERFLOW_HALL_1,1000,Thursday_1-2,1,100
POS 111,Unknown Lecturer,228,HALL308,HALL308,250,Saturday_8-9,2,100
ECO112/ECN216,Dr. Ewetan Olabanji Olukayode,227,TEMP_HALL_1,TEMP_HALL_1,250,Monday_11-12,2,100/200
BLD112,Unknown Lecturer,227,COLLEGE_HALL_A,COLLEGE_HALL_A,350,Monday_1-2,2,100
PHY111,Unknown Lecturer,226,CBN_AUDITORIUM,CBN_AUDITORIUM,700,Friday_11-12,2,100
CSC231/31 0,Mr. Okuoyo Otavie Loveday,223,E201,E201,250,Tuesday_12-1,2,200
ACC212,Dr. Nwobu Obiamaka,223,COMPUTER LAB,COMPUTER LAB,250,Friday_12-1,3,200
CIT111,Unknown Lecturer,222,COMPUTER LAB,COMPUTER LAB,250,Tuesday_3-4,1,100
CHM119/117,Prof. Williams Akan Bassey,222,TEMP_HALL_1,TEMP_HALL_1,250,Wednesday_3-4,3,100
ACC213,Dr. Nwobodo Helen Ohioren,221,OVERFLOW_HALL_2,OVERFLOW_HALL_2,800,Thursday_2-3,2,200
FIN 111,Unknown Lecturer,220,E301,E301,220,Saturday_1-2,2,100
PSY111,Prof. Gesinde Abiodun,219,HALL107,HALL107,500,Saturday_1-2,2,100
BUD111,Unknown Lecturer,219,HALL201,HALL201,450,Friday_12-1,2,100
ECO114,Prof. Osabuohien Stephen Evans,218,HALL204,HALL204,400,Monday_5-6,2,100
GEC117/ GET111,Unknown Lecturer,217,COMPUTER_LAB,COMPUTER_LAB,300,Thursday_2-3,2,100
BUA311/ BUS413,Unknown Lecturer,217,E301,E301,220,Saturday_4-5,2,300 & 400
EDS111,Unknown Lecturer,216,F301,F301,220,Thursday_2-3,1,100
CEN111,Unknown Lecturer,216,CHAPEL,CHAPEL,1200,Monday_9-10,2,100
MKT211,Unknown Lecturer,215,STUDIO100,STUDIO100,250,Thursday_5-6,2,200
IRL 112,Unknown Lecturer,215,COLLEGE_HALL_B,COLLEGE_HALL_B,350,Tuesday_12-1,2,100
ARC232,Dr. Akinola Adedotun Oyebola,214,PET 300LH,PET 300LH,220,Saturday_3-4,2,200
CSC316/MIS316,Dr. Ezenwoke Azubuike Anslem,213,H301,H301,220,Friday_1-2,2,300
POS 213,Unknown Lecturer,213,HALL308,HALL308,250,Saturday_9-10,2,200
FIN214,Unknown Lecturer,212,HALL203,HALL203,400,Friday_9-10,2,200
MAT/MTH215,Dr. Oghonyon Jimevwo Godwin,212,HALL204,HALL204,400,Saturday_10-11,2,200
PSY115,Dr. Gbadebo Adejumo,212,PTE 300LH,PTE 300LH,220,Tuesday_5-6,2,100
TCH111,Unknown Lecturer,212,PTE 300LH,PTE 300LH,220,Thursday_2-3,2,100
ECN111/ECO111,Unknown Lecturer,211,CHE 300LH,CHE 300LH,220,Saturday_10-11,2,100
CSC318,Dr. Ezenwoke Azubuike Anslem,211,COLLEGE_HALL_B,COLLEGE_HALL_B,350,Tuesday_9-10,2,300
EHR 215,Unknown Lecturer,211,E202,E202,250,Friday_10-11,2,200
GET232,Unknown Lecturer,210,STUDIO100,STUDIO100,250,Friday_8-9,2,200
CSC314,Ms. Nathaniel Jemimah,210,E301,E301,220,Monday_9-10,2,300
EHR217,Unknown Lecturer,209,COMPUTER LAB,COMPUTER LAB,250,Monday_2-3,2,200
ECO214,Dr. Okorie Uchechukwu Emena,209,STUDIO 200,STUDIO 200,240,Thursday_8-9,2,200
ENG115,Dr. English Lecturer (ENG placeholder),209,LARGELH,LARGELH,1000,Wednesday_10-11,3,100
ESM111,Unknown Lecturer,209,LARGELH,LARGELH,1000,Saturday_1-2,2,100
MAC 114/ MCM 112,Dr. Oyesomi Kehinde Opeyemi,208,HALL306,HALL306,350,Monday_2-3,2,100
BUA112,Unknown Lecturer,208,E301,E301,220,Tuesday_2-3,2,100
ACC219,Dr. Alawode Olufemi Peter,208,OVERFLOW_HALL_1,OVERFLOW_HALL_1,1000,Friday_10-11,1,200
BUA/MKT215,Unknown Lecturer,208,E201,E201,250,Saturday_5-6,2,200
ESM211,Unknown Lecturer,207,LT2,LT2,1400,Friday_4-5,2,200
400L & 500L PROJ.WOR K,Unknown Lecturer,207,HALL203,HALL203,400,Saturday_5-6,2,400 & 500
BLD213,Unknown Lecturer,207,LARGELH,LARGELH,1000,Saturday_12-1,2,200
ECN/ECO2 11,Unknown Lecturer,206,H301,H301,220,Friday_9-10,2,200
SOC113,Prof. Imhonopi David,206,HALL202,HALL202,450,Tuesday_4-5,2,100
MCM 232,Unknown Lecturer,205,STUDIO 200,STUDIO 200,240,Monday_9-10,2,200
PHY112/11 3,Unknown Lecturer,205,E201,E201,250,Wednesday_9-10,2,100
FAC 211,Unknown Lecturer,205,HALL108,HALL108,350,Thursday_8-9,2,200
MAT/MTH2 11,Dr. Akingbade Toluwalase Janet,205,H301,H301,220,Monday_10-11,1,200
STA111,Unknown Lecturer,205,TEMP_HALL_2,TEMP_HALL_2,250,Monday_4-5,2,100
ARC112/131,Dr. Akinola Adedotun Oyebola,204,CVE 200LH,CVE 200LH,250,Monday_9-10,2,100
EHR111,Unknown Lecturer,204,STUDIO100,STUDIO100,250,Monday_5-6,2,100
MAT/MTH2 10,Mr. Odekina Onuche Gabriel,204,G201,G201,220,Saturday_5-6,2,200
SOC 216,Prof. George Tayo Ola,203,CHE 300LH,CHE 300LH,220,Monday_9-10,2,200
BUA 212,Unknown Lecturer,202,E301,E301,220,Tuesday_10-11,2,200
PSY232,Prof. Adekeye Olujide,202,LARGELH,LARGELH,1000,Thursday_4-5,2,200
MAC217,Ms. Okpongkpong Grace Imaikop,202,G201,G201,220,Monday_3-4,2,200
EHR214,Unknown Lecturer,202,HALL308,HALL308,250,Monday_11-12,2,200
MAT/MTH213,Dr. Akingbade Toluwalase Janet,201,CHE 300LH,CHE 300LH,220,Saturday_4-5,2,200
BCH212,Dr. Rotimi Oluwakemi Anuoluwapo,201,HALL306,HALL306,350,Wednesday_4-5,2,200
CBS 211,Unknown Lecturer,201,HALL302(PHY LAB),HALL302(PHY LAB),220,Tuesday_3-4,2,200
BUS211/AMS111,Unknown Lecturer,201,H301,H301,220,Monday_4-5,2,200/100
BLD115,Unknown Lecturer,201,STUDIO 200,STUDIO 200,240,Thursday_5-6,2,100
ENG111,Dr. Language Lecturer (LAN placeholder),200,HALL308,HALL308,250,Monday_5-6,2,100
CSC 334,Prof. Oni Aderonke Atinuke,200,TEMP_HALL_2,TEMP_HALL_2,250,Saturday_4-5,2,300
FIN217,Unknown Lecturer,199,LT1,LT1,2500,Wednesday_8-9,2,200
EHR215,Unknown Lecturer,199,COLLEGE_HALL_B,COLLEGE_HALL_B,350,Wednesday_4-5,2,200
PHY131,Unknown Lecturer,198,CVE 200LH,CVE 200LH,250,Monday_12-1,2,100
ESM 215,Unknown Lecturer,198,STUDIO 100,STUDIO 100,280,Friday_10-11,2,200
GET238,Unknown Lecturer,198,HALL107,HALL107,500,Saturday_5-6,2,200
GET233,Unknown Lecturer,196,OVERFLOW_HALL_2,OVERFLOW_HALL_2,800,Friday_1-2,2,200
MCM214,Unknown Lecturer,196,CBN_AUDITORIUM,CBN_AUDITORIUM,700,Saturday_10-11,2,200
ARC211/23 1,Mrs. Nduka-Kalu Ije Chidinma,196,MCE 300LH,MCE 300LH,220,Wednesday_10-11,3,200
CYB211,Unknown Lecturer,196,A201,A201,220,Wednesday_1-2,1,200
ESM212,Unknown Lecturer,195,G301,G301,200,Wednesday_2-3,2,200
CSC332/312,Mrs. Abiodun Theresa Nkechi,195,HALL107,HALL107,500,Monday_4-5,2,300
BUA212,Unknown Lecturer,195,OVERFLOW_HALL_2,OVERFLOW_HALL_2,800,Tuesday_5-6,1,200
GEC216,Unknown Lecturer,195,HALL204,HALL204,400,Monday_8-9,2,200
IRL212,Unknown Lecturer,194,GBL,GBL,200,Monday_5-6,2,200
EDS211/ ENT211,Unknown Lecturer,194,CHE 200LH,CHE 200LH,250,Thursday_12-1,2,200
CIT213,Unknown Lecturer,194,CHE 300LH,CHE 300LH,220,Thursday_2-3,2,200
CHM234,Dr. Etchie Ayotunde Titilayo,193,HALL201,HALL201,450,Friday_8-9,1,200
EHR216,Unknown Lecturer,193,LIBRARY,LIBRARY,500,Friday_10-11,2,200
GET 231,Unknown Lecturer,192,HALL201,HALL201,450,Monday_1-2,2,200
LIT211,Unknown Lecturer,192,STUDIO 200,STUDIO 200,240,Friday_5-6,2,200
BCH215/21 3,Prof. Chinedu Shalom Nwodo,191,F301,F301,220,Wednesday_5-6,2,200
POS212,Unknown Lecturer,191,OVERFLOW_HALL_1,OVERFLOW_HALL_1,1000,Wednesday_12-1,2,200
MAT/ MTH 211,Mr. Adoghe Victor Osahon,190,CVE 300LH,CVE 300LH,220,Friday_10-11,2,200
BUA213,Unknown Lecturer,190,PTE 300LH,PTE 300LH,220,Wednesday_1-2,2,200
MCM216,Unknown Lecturer,190,OVERFLOW_HALL_1,OVERFLOW_HALL_1,1000,Thursday_5-6,2,200
IRL213,Unknown Lecturer,190,PTE 300LH,PTE 300LH,220,Saturday_9-10,2,200
MAT/MTH217,Prof. Akewe Hudson,190,HALL302(PHY LAB),HALL302(PHY LAB),220,Friday_5-6,1,200
SOC 212,Prof. George Tayo Ola,189,HALL107,HALL107,500,Tuesday_4-5,2,200
CIS215,Ms. Nathaniel Jemimah,189,E202,E202,250,Saturday_5-6,1,200
IRL 212,Unknown Lecturer,188,TEMP_HALL_2,TEMP_HALL_2,250,Friday_5-6,1,200
FAA211,Unknown Lecturer,188,CVE 200LH,CVE 200LH,250,Wednesday_12-1,2,200
FIN215,Unknown Lecturer,187,CVE 200LH,CVE 200LH,250,Friday_9-10,2,200
EHR218,Unknown Lecturer,187,MCE 300LH,MCE 300LH,220,Monday_1-2,2,200
CIT211,Unknown Lecturer,187,G301,G301,200,Monday_3-4,1,200
ENG210,Dr. Language Lecturer (LAN placeholder),187,HALL202,HALL202,450,Tuesday_12-1,2,200
CHM231,Prof. Ajani Olayinke Ojewale,187,HALL201,HALL201,450,Saturday_5-6,1,200
CIT214,Unknown Lecturer,186,COMPUTER LAB,COMPUTER LAB,250,Friday_4-5,1,200
FIN219,Unknown Lecturer,186,PTE 300LH,PTE 300LH,220,Wednesday_12-1,1,200
ARC236,Dr. Olagunju Omoniyi Ogheneruemu,184,HALL307,HALL307,350,Wednesday_8-9,2,200
MCB231,Unknown Lecturer,184,CHE 300LH,CHE 300LH,220,Saturday_9-10,2,200
SOC217,Dr. Adetunde Christiana Olufunke,183,HALL308,HALL308,250,Saturday_5-6,2,200
ICH211,Unknown Lecturer,183,OVERFLOW_HALL_1,OVERFLOW_HALL_1,1000,Wednesday_2-3,1,200
CHM213,Prof. Williams Akan Bassey,182,F301,F301,220,Monday_1-2,1,200
BCH217,Prof. Adebayo Abiodun Humphrey,182,C301,C301,220,Tuesday_8-9,2,200
ARC212,Dr. Omoyeni Fulani,181,HALL306,HALL306,350,Thursday_12-1,2,200
ECO216,Dr. Agbonjaru Sonia Ifeoma,180,HALL108,HALL108,350,Thursday_2-3,2,200
PSS 213,Unknown Lecturer,179,G201,G201,220,Tuesday_5-6,2,200
MCB213,Unknown Lecturer,179,SQLNEWHORIZON,SQLNEWHORIZON,180,Monday_12-1,2,200
PSY 231,Dr. Gbadebo Adejumo,179,CVE 200LH,CVE 200LH,250,Tuesday_12-1,2,200
MAT217/MTH218,Dr. Agboola Olasunmbo Olaoluwa,179,LARGELH,LARGELH,1000,Wednesday_4-5,2,200
ARC216/233,Dr. Okorigba Regina Kevwe,179,B301,B301,200,Monday_9-10,2,200
ARC235,Dr. Okorigba Regina Kevwe,178,CENTRE CLASS CHE,CENTRE CLASS CHE,200,Tuesday_2-3,1,200
PHY119,Unknown Lecturer,178,HALL308,HALL308,250,Friday_2-3,3,100
BUD212,Unknown Lecturer,178,CVE 400LH,CVE 400LH,180,Tuesday_11-12,2,200
MAC230,Dr. Kayode-Adedeji Tolulope,177,STUDIO100,STUDIO100,250,Saturday_12-1,2,200
MAT212/ MTH212,Prof. Timothy Anake Ashibel,177,CENTRE CLASS,CENTRE CLASS,180,Thursday_1-2,2,200
GET/GEC210,Unknown Lecturer,177,CENTRE CLASS CHE,CENTRE CLASS CHE,200,Monday_12-1,1,200
BIO111,Dr. Aworunse Rotimi Samuel,177,MCE 300LH,MCE 300LH,220,Saturday_3-4,2,100
EHR211,Unknown Lecturer,176,MCB LAB(HALL 212),MCB LAB(HALL 212),180,Friday_5-6,2,200
CSC335,Mr. Dada Ibidapo Dare,176,H301,H301,220,Wednesday_2-3,1,300
IFT211,Mr. Ogbu Henry Nwagu,174,HALL203,HALL203,400,Friday_8-9,2,200
CHM211,Dr. Akinsiku Anuoluwa Abimbola,174,STUDIO200,STUDIO200,220,Friday_1-2,1,200
BCH214,Prof. Afolabi Israel Sunmola,173,CEN500LH,CEN500LH,180,Wednesday_2-3,2,200
MAT216,Dr. Imaga Ogbu Famous,173,G201,G201,220,Monday_1-2,1,200
MTH212,Dr. Adedotun Adedayo Funmi,172,LIBRARY,LIBRARY,500,Monday_3-4,2,200
PSS214,Unknown Lecturer,172,GBL,GBL,200,Monday_9-10,2,200
MCM218,Unknown Lecturer,172,CENTRE CLASS CHE,CENTRE CLASS CHE,200,Thursday_8-9,2,200
BCH211,Prof. Iweala Emeka Joshua,172,HALL203,HALL203,400,Wednesday_10-11,3,200
ECN/ECO212,Unknown Lecturer,172,H301,H301,220,Friday_4-5,2,200
ECO/ECN21 5,Prof. Matthew Augustina Oluwatoyin,171,TEMP_HALL_1,TEMP_HALL_1,250,Friday_3-4,2,200
PSS211,Unknown Lecturer,171,ICE500LH,ICE500LH,180,Friday_9-10,2,200
MAC210/MCM215,Prof. Amodu Lanre Olaolu,170,HALL307,HALL307,350,Saturday_11-12,2,200
PSS 215,Unknown Lecturer,170,CEDS BUILDING,CEDS BUILDING,200,Thursday_10-11,2,200
FIN211,Unknown Lecturer,170,HALL108,HALL108,350,Wednesday_2-3,2,200
ARC215/235,Dr. Adewale Bukola Adejoke,170,CHAPEL,CHAPEL,1200,Monday_8-9,1,200
MKT213,Unknown Lecturer,170,HALL306,HALL306,350,Saturday_2-3,2,200
BUD211,Unknown Lecturer,169,E401A,E401A,180,Saturday_12-1,2,200
LIT 213,Unknown Lecturer,169,HALL302(PHY LAB),HALL302(PHY LAB),220,Wednesday_4-5,2,200
ACC211,Dr. Nwobodo Helen Ohioren,169,H301,H301,220,Monday_11-12,3,200
ECO213,Prof. Osabuohien Stephen Evans,168,HALL202,HALL202,450,Wednesday_2-3,2,200
PSS 212,Unknown Lecturer,168,COMPUTER_LAB,COMPUTER_LAB,300,Monday_10-11,1,200
CMS211,Unknown Lecturer,168,E301,E301,220,Tuesday_4-5,2,200
CSC333/31 9,Prof. Oyelade Jelili Olarenwaju,167,F401,F401,180,Thursday_10-11,2,300
SOC213,Dr. Adebayo Mercy Ebunoluwa,166,STUDIO 300,STUDIO 300,180,Friday_4-5,2,200
MCT 212,Unknown Lecturer,166,LT2,LT2,1400,Saturday_12-1,2,200
MCB214/315,Unknown Lecturer,165,COMPUTER LAB,COMPUTER LAB,250,Monday_5-6,2,200/300
PHY213,Unknown Lecturer,165,LARGELH,LARGELH,1000,Tuesday_3-4,2,200
MCM 231,Unknown Lecturer,164,E201,E201,250,Monday_3-4,2,200
FIN 217,Unknown Lecturer,163,G301,G301,200,Tuesday_2-3,1,200
CSC317,Mr. Osofuye Odunayo,163,MCE 400LH,MCE 400LH,180,Monday_1-2,2,300
SVY211,Unknown Lecturer,163,TEMP_HALL_1,TEMP_HALL_1,250,Monday_3-4,2,200
PHY232,Unknown Lecturer,162,HALL108,HALL108,350,Tuesday_8-9,2,200
FIN212,Unknown Lecturer,162,STUDIO300,STUDIO300,180,Thursday_12-1,2,200
ACC211/21 8,Prof. Iyoha Francis Odianonsen,162,STUDIO 200,STUDIO 200,240,Wednesday_4-5,2,200
BUD218,Unknown Lecturer,162,PTE 300LH,PTE 300LH,220,Wednesday_11-12,2,200
EHR212,Unknown Lecturer,162,CEDS BUILDING,CEDS BUILDING,200,Saturday_3-4,2,200
ACC215,Dr. Omodero Onyinyechi Cordelia,162,HALL302PHYLAB,HALL302PHYLAB,180,Saturday_4-5,1,200
CSC 313,Mrs. Abiodun Theresa Nkechi,162,ICE500LH,ICE500LH,180,Wednesday_12-1,1,300
MCB212,Unknown Lecturer,162,MCE 400LH,MCE 400LH,180,Tuesday_4-5,1,200
ENG 212,Dr. English Lecturer (ENG placeholder),162,HALL306,HALL306,350,Friday_1-2,2,200
GET210,Unknown Lecturer,161,STUDIO100,STUDIO100,250,Tuesday_10-11,2,200
CIT 213,Unknown Lecturer,161,CENTRE CLASS,CENTRE CLASS,180,Friday_3-4,1,200
ESM217,Unknown Lecturer,161,MCB LAB(HALL 212),MCB LAB(HALL 212),180,Thursday_3-4,2,200
SOC216,Dr. Jegede Ajibade Ebenezer,160,HALL203,HALL203,400,Monday_4-5,2,200
SOC215,Dr. Olonade Olawale Yinusa,160,CEN500LH,CEN500LH,180,Tuesday_8-9,2,200
BUA 211,Unknown Lecturer,159,HALL107,HALL107,500,Saturday_11-12,2,200
ACC 212,Mr. Ogaba Moses,159,STUDIO200,STUDIO200,220,Thursday_2-3,1,200
ENG232,Dr. Language Lecturer (LAN placeholder),159,C301,C301,220,Wednesday_8-9,2,200
CHM218,Dr. Ehi-Eromosele Cyril Osereme,158,MCE 300LH,MCE 300LH,220,Saturday_2-3,2,200
MAT 213,Dr. Oghonyon Jimevwo Godwin,158,LIBRARY,LIBRARY,500,Saturday_9-10,1,200
GET235,Unknown Lecturer,156,HALL108,HALL108,350,Monday_12-1,2,200
PHY212,Unknown Lecturer,156,HALL108,HALL108,350,Thursday_5-6,2,200
BIO117,Mrs. Ajiboye Ibukun Babafemi,155,HALL308,HALL308,250,Tuesday_3-4,2,100
MAT/MTH2 14,Dr. Akingbade Toluwalase Janet,155,C301,C301,220,Friday_9-10,2,200
MTH216,Dr. Odetunmibi Oluwole Akinwunmi,155,STUDIO 100,STUDIO 100,280,Monday_10-11,2,200
ECO 217,Prof. Azuh Dominic Ezinwa,155,PTE 300LH,PTE 300LH,220,Monday_1-2,2,200
GET214,Unknown Lecturer,154,A201,A201,220,Thursday_12-1,2,200
EEE510,Mr. Adelakun Adebiyi Adisa,154,STUDIO 200,STUDIO 200,240,Wednesday_8-9,2,500
CSC313,Mr. Jegede Tope John,154,HALL203,HALL203,400,Saturday_8-9,2,300
GEC214 TUTORIAL,Unknown Lecturer,154,E101,E101,250,Saturday_8-9,1,200
PSY219,Dr. Adedayo Odukoya,153,HALL201,HALL201,450,Friday_5-6,2,200
CSC312,Mr. Ogbu Henry Nwagu,153,HALL308,HALL308,250,Saturday_2-3,1,300
ACC314,Mr. Ogaba Moses,153,HALL307,HALL307,350,Thursday_8-9,1,300
ECN215,Unknown Lecturer,152,STUDIO 100,STUDIO 100,280,Saturday_5-6,1,200
PSY213,Dr. Samson Femi Agberotimi,152,CHAPEL,CHAPEL,1200,Tuesday_2-3,2,200
MCB211/331,Unknown Lecturer,151,MCB LAB(HALL 212),MCB LAB(HALL 212),180,Monday_5-6,2,200/300
IRL211,Unknown Lecturer,150,STUDIO 100,STUDIO 100,280,Tuesday_3-4,2,200
EHR213,Unknown Lecturer,150,C401,C401,180,Saturday_9-10,2,200
MCM219,Unknown Lecturer,149,C301,C301,220,Friday_5-6,2,200
PSY218,Dr. Gbadebo Adejumo,149,SQLNEWHORIZON,SQLNEWHORIZON,180,Wednesday_12-1,2,200
HMD211,Unknown Lecturer,149,GBL,GBL,200,Friday_3-4,1,200
BUA211,Unknown Lecturer,149,PET 300LH,PET 300LH,220,Monday_12-1,2,200
BUD215,Unknown Lecturer,148,HALL202,HALL202,450,Thursday_3-4,2,200
ENG 214,Dr. English Lecturer (ENG placeholder),148,G301,G301,200,Saturday_3-4,2,200
BUD217,Unknown Lecturer,148,STUDIO200,STUDIO200,220,Saturday_12-1,2,200
PSS212,Unknown Lecturer,148,PTE 300LH,PTE 300LH,220,Tuesday_10-11,2,200
PHY 215,Unknown Lecturer,147,SQLNEWHORIZON,SQLNEWHORIZON,180,Tuesday_9-10,2,200
BUA 214,Unknown Lecturer,147,HALL204,HALL204,400,Wednesday_12-1,2,200
PSI213,Unknown Lecturer,147,EIE500LH,EIE500LH,180,Tuesday_1-2,1,200
PSI214,Unknown Lecturer,146,E301,E301,220,Monday_3-4,2,200
EEE 517,Mr. Sobola Gabriel,146,E101,E101,250,Thursday_11-12,2,500
MKT215,Unknown Lecturer,146,COMPUTER_LAB,COMPUTER_LAB,300,Monday_4-5,2,200
SOC211,Prof. George Tayo Ola,146,E101,E101,250,Wednesday_2-3,2,200
ARC213/234,Dr. Adewale Bukola Adejoke,145,LARGELH,LARGELH,1000,Thursday_1-2,5,200
PHY214,Unknown Lecturer,145,E201,E201,250,Wednesday_3-4,2,200
ARC 211/ 231,Dr. Babalola Daniel Olatunde,145,E201,E201,250,Wednesday_8-9,3,200
FRE 211,Unknown Lecturer,145,CHEM LAB (HALL113),CHEM LAB (HALL113),160,Thursday_10-11,2,200
CEN211,Unknown Lecturer,144,CHE 200LH,CHE 200LH,250,Wednesday_12-1,2,200
SOC214,Mr. Olore Amos Adebayo,144,CHEM LAB (HALL111),CHEM LAB (HALL111),160,Monday_2-3,2,200
MEE311,Dr. Ekpe Ikenna Christopher,144,TEMP_HALL_1,TEMP_HALL_1,250,Saturday_12-1,1,300
CHE211,Dr. Oke Michael Abidemi,144,CVE 200LH,CVE 200LH,250,Tuesday_10-11,2,200
PHY218,Unknown Lecturer,143,E201,E201,250,Wednesday_2-3,3,200
CSC431,Prof. Oyelade Jelili Olarenwaju,143,HALL308,HALL308,250,Wednesday_11-12,2,400
EIE311,Unknown Lecturer,143,CHE 400LH,CHE 400LH,180,Friday_2-3,1,300
SSC311,Unknown Lecturer,142,STUDIO 300,STUDIO 300,180,Tuesday_1-2,2,300
EHR313,Unknown Lecturer,142,CVE 200LH,CVE 200LH,250,Friday_4-5,2,300
TMC311,Unknown Lecturer,142,HALL213PHYLAB,HALL213PHYLAB,150,Wednesday_12-1,1,300
BUA313,Unknown Lecturer,141,HALL203,HALL203,400,Thursday_8-9,2,300
CVE 337,Prof. Ede Anthony Ekem,140,CHE 500LH,CHE 500LH,150,Friday_5-6,2,300
PET316,Mr. Ipinsokan Sunday Bolu,140,PTE 300LH,PTE 300LH,220,Monday_3-4,2,300
GET 311,Unknown Lecturer,140,CEN500LH,CEN500LH,180,Monday_11-12,2,300
EEE 513,Mr. Ojewande Adekunle Oyewumi,140,CHE 400LH,CHE 400LH,180,Saturday_10-11,2,500
CEN511,Unknown Lecturer,140,F401,F401,180,Wednesday_4-5,2,300
SOC 333,Dr. Adebayo Mercy Ebunoluwa,140,PTE 500LH,PTE 500LH,150,Thursday_5-6,2,300
PET314/33 3,Engr. Dr. Oluwasanmi Olabode,140,OVERFLOW_HALL_2,OVERFLOW_HALL_2,800,Saturday_11-12,1,300
ICH314,Unknown Lecturer,139,E101,E101,250,Thursday_10-11,2,300
EIE314/331,Unknown Lecturer,139,C401,C401,180,Friday_5-6,2,300
MAT315,Dr. Oluwadare Julius Remi,139,PTE 500LH,PTE 500LH,150,Tuesday_9-10,2,300
EEE 516,Dr. Samuel Isaac Adekunle,139,CHEMLAB(HALL 112),CHEMLAB(HALL 112),150,Friday_11-12,2,500
ECO / ECN 311,Prof. Osabuohien Stephen Evans,139,CHEM_LAB_112,CHEM_LAB_112,140,Thursday_2-3,2,300
MAC334,Dr. Kayode-Adedeji Tolulope,139,C301,C301,220,Thursday_1-2,2,300
MKT315,Unknown Lecturer,138,PHY_LAB,PHY_LAB,150,Thursday_4-5,2,300
MCM319,Unknown Lecturer,138,TEMP_HALL_1,TEMP_HALL_1,250,Monday_10-11,2,300
CVE312/332,Prof. Olatokunbo Ofuyatan,137,CHEM LAB (HALL113),CHEM LAB (HALL113),160,Friday_12-1,2,300
BCH318,Prof. Afolabi Israel Sunmola,137,E401B,E401B,180,Thursday_2-3,2,300
COS313,Unknown Lecturer,137,CHE 500LH,CHE 500LH,150,Thursday_3-4,2,300
EIE315,Unknown Lecturer,137,HALL307,HALL307,350,Thursday_12-1,2,300
MAC318/ CMS311,Prof. Omojola Oladokun,137,PTE 300LH,PTE 300LH,220,Saturday_1-2,2,300
PRE313/ CMS312,Unknown Lecturer,136,CEN500LH,CEN500LH,180,Friday_1-2,2,300
CVE/CEE31 1,Engr. Emmanuel Aremu,136,BIOLAB,BIOLAB,140,Thursday_8-9,2,300
PET318,Ms. Aghaulor Gift Ihienma,136,CVE 200LH,CVE 200LH,250,Friday_11-12,2,300
MCE311,Unknown Lecturer,136,LARGELH,LARGELH,1000,Friday_12-1,1,300
CEN311,Unknown Lecturer,136,E401A,E401A,180,Saturday_4-5,1,300
FAC311,Unknown Lecturer,135,PTE 300LH,PTE 300LH,220,Friday_9-10,2,300
ARC311/331,Prof. Oluwatayo Adedapo Adewunmi,135,LAB,LAB,150,Monday_2-3,3,300
ECN 311,Unknown Lecturer,135,STUDIO 300,STUDIO 300,180,Monday_8-9,2,300
MKT317,Unknown Lecturer,135,COMPUTER LAB,COMPUTER LAB,250,Wednesday_4-5,2,300
LIT313,Unknown Lecturer,135,BCH LAB,BCH LAB,180,Monday_8-9,2,300
CHM359,Dr. Ademosun Olabisi Theresa,134,LAB,LAB,150,Monday_4-5,2,300
MCE 310,Unknown Lecturer,134,HALL213PHYLAB,HALL213PHYLAB,150,Monday_4-5,2,300
EHR314,Unknown Lecturer,134,C401,C401,180,Wednesday_2-3,2,300
PSI 318,Unknown Lecturer,134,HALL204,HALL204,400,Tuesday_3-4,2,300
CIT 312,Unknown Lecturer,134,HALL107,HALL107,500,Saturday_8-9,1,300
POS311,Unknown Lecturer,134,C401,C401,180,Thursday_11-12,2,300
PSY315,Prof. Adekeye Olujide,134,CVE 300LH,CVE 300LH,220,Wednesday_4-5,2,300
PEE331/ PET517,Unknown Lecturer,133,COLLEGE_HALL_A,COLLEGE_HALL_A,350,Friday_1-2,2,300
EIE314/ EEE334,Unknown Lecturer,133,B301,B301,200,Thursday_12-1,1,300
ACC 333,Prof. Uwuigbe Olubukola Ranti,133,H401,H401,180,Monday_4-5,4,300
PRE311,Unknown Lecturer,133,MCE 500LH,MCE 500LH,150,Saturday_2-3,1,300
FIN314,Unknown Lecturer,133,EIE500LH,EIE500LH,180,Tuesday_10-11,2,300
MAT314/ INT313,Dr. Imaga Ogbu Famous,133,LARGELH,LARGELH,1000,Wednesday_9-10,1,300
ECN313/ ECO316,Unknown Lecturer,133,CHE 500LH,CHE 500LH,150,Saturday_5-6,2,300
SOC 316,Dr. Egharevba Matthew Etinosa,133,F301,F301,220,Tuesday_2-3,2,300
PSS 317,Unknown Lecturer,133,CBN_AUDITORIUM,CBN_AUDITORIUM,700,Monday_11-12,1,300
EEE514,Dr. Sanni Timilelehin Fiyinfoluwa,132,HALL204,HALL204,400,Monday_2-3,2,500
CHM314,Dr. Adedapo Emmanuel Adebusayo,132,HALL203,HALL203,400,Monday_3-4,2,300
BUD314,Unknown Lecturer,132,BCH_LAB,BCH_LAB,150,Tuesday_10-11,2,300
EHR 314,Unknown Lecturer,132,E101,E101,250,Saturday_9-10,2,300
ECN315,Unknown Lecturer,132,SQLNEWHORIZON,SQLNEWHORIZON,180,Friday_1-2,2,300
ARC316,Dr. Ekhaese Eghosa Noel,132,PHY_LAB,PHY_LAB,150,Thursday_9-10,2,300
MAT333,Dr. Agboola Olasunmbo Olaoluwa,132,A201,A201,220,Saturday_10-11,2,300
BUD316,Unknown Lecturer,132,E401A,E401A,180,Saturday_10-11,2,300
MCM 313,Unknown Lecturer,132,CHE 300LH,CHE 300LH,220,Saturday_12-1,2,300
MCB316,Unknown Lecturer,131,HALL302PHYLAB,HALL302PHYLAB,180,Friday_8-9,1,300
MAT 335/ IMT312,Mr. Adoghe Victor Osahon,131,CVE 400LH,CVE 400LH,180,Tuesday_8-9,2,300
IRL 312,Unknown Lecturer,131,STUDIO 100,STUDIO 100,280,Saturday_9-10,2,300
ACC318,Mr. Ogaba Moses,131,PET 300LH,PET 300LH,220,Saturday_11-12,1,300
ECN318,Unknown Lecturer,131,STUDIO 100,STUDIO 100,280,Saturday_3-4,2,300
ARC313,Dr. Jegede Oladunni Foluke,131,SQLNEWHORIZON,SQLNEWHORIZON,180,Wednesday_11-12,2,300
ACC317,Prof. Uwuigbe Olubukola Ranti,131,STUDIO 200,STUDIO 200,240,Thursday_4-5,2,300
MAT312,Prof. Akewe Hudson,131,E101,E101,250,Saturday_11-12,2,300
SOC314/334,Dr. Adetunde Christiana Olufunke,131,CENTRE CLASS CHE,CENTRE CLASS CHE,200,Wednesday_3-4,2,300
FIN317,Unknown Lecturer,131,E201,E201,250,Friday_12-1,2,300
PSI311,Unknown Lecturer,131,HALL213PHYLAB,HALL213PHYLAB,150,Thursday_1-2,2,300
ACC315,Dr. Okougbo Peace Onuwabhagbe,131,H301,H301,220,Wednesday_5-6,2,300
EEE515,Dr. Awelewa Ayokunle Ajibola,130,CHEM LAB (HALL111),CHEM LAB (HALL111),160,Saturday_8-9,2,500
EHR 316,Unknown Lecturer,130,COLLEGE_HALL_B,COLLEGE_HALL_B,350,Tuesday_2-3,2,300
BUA314,Unknown Lecturer,129,COMPUTER LAB,COMPUTER LAB,250,Wednesday_12-1,2,300
MAT318,Mrs. Agbesuyi Moyosor Oluwabukunmi,129,HALL107,HALL107,500,Monday_10-11,2,300
CVE 311/ CEE 311,Prof. Olukanni David Olatunde,129,SQLNEWHORIZON,SQLNEWHORIZON,180,Thursday_1-2,2,300
ESM316/335,Unknown Lecturer,129,PTE 500LH,PTE 500LH,150,Wednesday_3-4,2,300
BCH315,Prof. Iweala Emeka Joshua,129,TEMP_HALL_2,TEMP_HALL_2,250,Tuesday_5-6,2,300
MAC335,Dr. Osere Nkem JaneFrances,129,CENTRE CLASS,CENTRE CLASS,180,Saturday_9-10,2,300
CIS 319,Ms. Tunde-Adeleke Ti-Jesu Rejoice,129,MCB_LAB,MCB_LAB,180,Saturday_9-10,2,300
LIT 313,Unknown Lecturer,129,OVERFLOW_HALL_2,OVERFLOW_HALL_2,800,Saturday_1-2,2,300
ENG 312,Dr. Language Lecturer (LAN placeholder),128,STUDIO 200,STUDIO 200,240,Saturday_8-9,2,300
CIT314,Unknown Lecturer,128,HALL202,HALL202,450,Saturday_4-5,1,300
ARC 317/ 332,Mr. Ugah Uzodinma Kelechi,128,A201,A201,220,Monday_1-2,2,300
IRH315,Unknown Lecturer,128,HALL107,HALL107,500,Tuesday_8-9,1,300
BCH317,Prof. Adebayo Abiodun Humphrey,128,E301,E301,220,Thursday_3-4,2,300
INS312,Unknown Lecturer,128,HALL307,HALL307,350,Monday_3-4,2,300
EHR312,Unknown Lecturer,128,BCH_LAB,BCH_LAB,150,Wednesday_5-6,2,300
MCE310/MEE313,Unknown Lecturer,127,LT2,LT2,1400,Wednesday_3-4,2,300
ENG334,Dr. Language Lecturer (LAN placeholder),127,E401A,E401A,180,Friday_4-5,2,300
EEE317,Prof. Adoghe Uwakhonye Anthony,127,CBN_AUDITORIUM,CBN_AUDITORIUM,700,Monday_5-6,3,300
EIE317,Unknown Lecturer,127,HALL201,HALL201,450,Saturday_12-1,1,300
MCE317,Unknown Lecturer,127,ICE500LH,ICE500LH,180,Wednesday_9-10,2,300
ESM312/33 2,Unknown Lecturer,127,STUDIO200,STUDIO200,220,Friday_12-1,2,300
MCB 314/ 332,Unknown Lecturer,127,CENTRE CLASS CHE,CENTRE CLASS CHE,200,Tuesday_4-5,2,300
MAT319/313,Prof. Samuel Iyase Azubuike,127,HALL213(PHY LAB),HALL213(PHY LAB),130,Tuesday_9-10,1,300
ESM311,Unknown Lecturer,127,BCH_LAB,BCH_LAB,150,Wednesday_11-12,2,300
HMD312,Unknown Lecturer,127,H301,H301,220,Friday_2-3,1,300
MCB317,Unknown Lecturer,127,OVERFLOW_HALL_2,OVERFLOW_HALL_2,800,Monday_8-9,2,300
MTH312,Dr. Oluwadare Julius Remi,127,CEN500LH,CEN500LH,180,Saturday_2-3,2,300
MAT316,Mr. Adoghe Victor Osahon,126,F401,F401,180,Thursday_12-1,1,300
BCH311,Dr. Rotimi Oluwakemi Anuoluwapo,126,HALL213(PHY LAB),HALL213(PHY LAB),130,Saturday_2-3,2,300
SOC312/ SOC332,Dr. Olonade Olawale Yinusa,126,CHEMLAB(HALL 112),CHEMLAB(HALL 112),150,Wednesday_10-11,2,300
SOC336,Dr. Allo Tolulope Abiola,126,CBN_AUDITORIUM,CBN_AUDITORIUM,700,Wednesday_2-3,2,300
FIN311,Unknown Lecturer,126,OVERFLOW_HALL_2,OVERFLOW_HALL_2,800,Friday_10-11,2,300
ESM313,Unknown Lecturer,126,H301,H301,220,Tuesday_2-3,2,300
ACC333,Dr. Nwobu Obiamaka,126,G201,G201,220,Tuesday_10-11,1,300
EDS/ENT311,Unknown Lecturer,126,C401,C401,180,Monday_5-6,1,300
MCE 313,Unknown Lecturer,125,PHY_LAB,PHY_LAB,150,Tuesday_8-9,1,300
IRL314,Unknown Lecturer,125,E202,E202,250,Tuesday_2-3,3,300
ARC311/331/314,Mrs. Odiah Onyeka Esther Yvonne,125,BCH_LAB,BCH_LAB,150,Saturday_9-10,3,300
FIN313,Unknown Lecturer,125,HALL306,HALL306,350,Friday_4-5,2,300
BFN/ BFN 318,Unknown Lecturer,125,STUDIO 100,STUDIO 100,280,Friday_12-1,2,300
CVE331/CE E311,Engr. Emmanuel Aremu,125,PHY_LAB,PHY_LAB,150,Saturday_5-6,2,300
CIT 310,Unknown Lecturer,125,CHEMLAB(HALL 112),CHEMLAB(HALL 112),150,Thursday_9-10,1,300
CHM232,Dr. Ademosun Olabisi Theresa,125,HALL308,HALL308,250,Wednesday_9-10,2,300
CVE333/ CEE312,Engr. Chidiebere Ezenkwa,125,H401,H401,180,Friday_9-10,2,300
EIE 313,Unknown Lecturer,124,F401,F401,180,Wednesday_1-2,1,300
TCH314,Unknown Lecturer,124,BCH_LAB,BCH_LAB,150,Monday_1-2,2,300
BUS311,Unknown Lecturer,124,MCB_LAB,MCB_LAB,180,Saturday_3-4,1,300
MCB333,Unknown Lecturer,124,MCE 300LH,MCE 300LH,220,Friday_2-3,1,300
BIO217,Dr. Obafemi Yemisi Dorcas,124,H401,H401,180,Monday_1-2,2,200
PRE/MCM318,Unknown Lecturer,124,BCH LAB,BCH LAB,180,Wednesday_8-9,2,300
ACC 310/ 319,Dr. Omodero Onyinyechi Cordelia,124,CHE 500LH,CHE 500LH,150,Thursday_5-6,1,300
MCB312/319,Unknown Lecturer,123,B301,B301,200,Monday_5-6,2,300
CSC433,Mr. Ogbu Henry Nwagu,123,SQLNEWHORIZON,SQLNEWHORIZON,180,Monday_9-10,2,400
PSI314,Unknown Lecturer,123,G201,G201,220,Thursday_2-3,2,300
PSI312,Unknown Lecturer,123,H401,H401,180,Monday_12-1,1,300
PSY 314,Dr. Gbadebo Adejumo,123,E301,E301,220,Monday_8-9,2,300
PSS315,Unknown Lecturer,123,E301,E301,220,Monday_12-1,2,300
BIO 213,Dr. Bello Oluwakemi Adetutu,122,OVERFLOW_HALL_2,OVERFLOW_HALL_2,800,Wednesday_12-1,2,200
PHY211,Unknown Lecturer,122,MCE 500LH,MCE 500LH,150,Wednesday_4-5,2,200
EEE418,Ms. Ademola Omolola Faith,122,OVERFLOW_HALL_2,OVERFLOW_HALL_2,800,Thursday_12-1,2,400
ECO/ECN312,Dr. Agbonjaru Sonia Ifeoma,122,PTE 300LH,PTE 300LH,220,Monday_4-5,2,300
ECN317/ ECO314,Unknown Lecturer,122,COMPUTER_LAB,COMPUTER_LAB,300,Saturday_11-12,2,300
POS 313,Unknown Lecturer,122,OVERFLOW_HALL_2,OVERFLOW_HALL_2,800,Monday_3-4,2,300
ACC 331,Dr. Alawode Olufemi Peter,121,MCE 500LH,MCE 500LH,150,Saturday_8-9,1,300
BCH 314/ 356,Prof. Afolabi Israel Sunmola,121,OVERFLOW_HALL_2,OVERFLOW_HALL_2,800,Saturday_4-5,2,300
MCM315,Unknown Lecturer,121,STUDIO 300,STUDIO 300,180,Saturday_3-4,2,300
ENG332,Dr. English Lecturer (ENG placeholder),121,H401,H401,180,Friday_2-3,2,300
GET/GEC310,Unknown Lecturer,120,OVERFLOW_HALL_1,OVERFLOW_HALL_1,1000,Monday_8-9,2,300
MAT317/ MTH311,Mrs. Agbesuyi Moyosor Oluwabukunmi,120,G301,G301,200,Friday_5-6,2,300
GEC 312,Unknown Lecturer,120,CVE 500LH,CVE 500LH,150,Monday_8-9,1,300
CVE 534,Dr. Olofinnade Oluwarotimi Michael,119,HALL213PHYLAB,HALL213PHYLAB,150,Wednesday_9-10,2,500
PSY 312,Dr. Sussan Olufunmilola Adeusi,119,E401B,E401B,180,Friday_2-3,2,300
BCH332/351,Prof. Ogunlana Olubanke Olujoke,119,HALL203,HALL203,400,Thursday_9-10,3,300
CEN513,Unknown Lecturer,119,BIO_LAB,BIO_LAB,150,Monday_11-12,2,500
FIN 316,Unknown Lecturer,119,B301,B301,200,Friday_11-12,1,300
PSY310,Dr. Samson Femi Agberotimi,119,CENTRE CLASS,CENTRE CLASS,180,Saturday_1-2,2,300
BCH358,Prof. Iweala Emeka Joshua,119,GBL,GBL,200,Monday_10-11,1,300
PSY 313,Dr. Agoha Benedict,119,MCE 300LH,MCE 300LH,220,Thursday_3-4,2,300
BUD312,Unknown Lecturer,118,STUDIO100,STUDIO100,250,Saturday_1-2,2,300
MCE516,Unknown Lecturer,118,CENTRE CLASS,CENTRE CLASS,180,Thursday_3-4,2,500
MCM 317,Unknown Lecturer,118,CHEM LAB (HALL111),CHEM LAB (HALL111),160,Thursday_4-5,2,300
MCE 536,Unknown Lecturer,118,MCB_LAB,MCB_LAB,180,Tuesday_12-1,2,500
MCM330,Unknown Lecturer,118,LIBRARY,LIBRARY,500,Thursday_3-4,2,300
ACC331,Dr. Adegboye Alex Toluwalope,118,LAB,LAB,150,Monday_8-9,2,300
CHM313,Dr. Etchie Ayotunde Titilayo,117,SQL NEW HORIZON,SQL NEW HORIZON,180,Wednesday_3-4,2,300
IMT 315,Unknown Lecturer,117,F301,F301,220,Saturday_11-12,2,300
PET317,Mr. Ipinsokan Sunday Bolu,117,BIOLAB,BIOLAB,140,Tuesday_10-11,1,300
BLD517,Unknown Lecturer,117,HALL201,HALL201,450,Saturday_11-12,2,500
ENG333,Dr. English Lecturer (ENG placeholder),117,CVE 200LH,CVE 200LH,250,Wednesday_5-6,2,300
BUD311,Unknown Lecturer,117,CHE 200LH,CHE 200LH,250,Thursday_10-11,2,300
TCH/CHE3 15,Unknown Lecturer,117,MKT LAB,MKT LAB,120,Tuesday_2-3,2,300
BUA317,Unknown Lecturer,117,STUDIO100,STUDIO100,250,Wednesday_10-11,2,300
ESM515,Unknown Lecturer,117,CHE 300LH,CHE 300LH,220,Tuesday_3-4,2,500
CSC413,Dr. Jonathan Oluranti,117,EIE500LH,EIE500LH,180,Tuesday_2-3,1,400
ECN314/ ECO313,Unknown Lecturer,117,MCE 500LH,MCE 500LH,150,Wednesday_9-10,2,300
EIE311/33 4,Unknown Lecturer,117,HALL107,HALL107,500,Thursday_4-5,2,300
MAC 319,Dr. Yartey Darlynton Albert,116,COLLEGE_HALL_B,COLLEGE_HALL_B,350,Wednesday_3-4,1,300
MCB 316/ 318,Unknown Lecturer,116,CHEM LAB (HALL111),CHEM LAB (HALL111),160,Tuesday_3-4,2,300
MCB313,Unknown Lecturer,116,MKT LAB,MKT LAB,120,Thursday_4-5,2,300
BCH 313,Prof. Afolabi Israel Sunmola,116,BCH LAB,BCH LAB,180,Monday_3-4,2,300
EEE 418,Dr. Orovwode Hope Evwieroghene,116,CHEM LAB (HALL113),CHEM LAB (HALL113),160,Wednesday_12-1,1,400
MKT311,Unknown Lecturer,116,HALL108,HALL108,350,Wednesday_1-2,2,300
CSC 413,Prof. Oyelade Jelili Olarenwaju,116,CVE 300LH,CVE 300LH,220,Tuesday_2-3,2,400
CVE318/338,Mrs. Temitayo K. Fagbola,116,CHE 400LH,CHE 400LH,180,Wednesday_8-9,2,300
CIT313,Unknown Lecturer,116,CHEM_LAB_111,CHEM_LAB_111,140,Tuesday_3-4,1,300
MAC 316,Dr. Nwantah Nkirukah Favour,115,E101,E101,250,Friday_10-11,2,300
CVE535,Dr. Oluwafemi John Oluwatobi,115,CHAPEL,CHAPEL,1200,Saturday_9-10,2,500
ARC 318/ FAA 311,Prof. Oluwatayo Adedapo Adewunmi,115,COLLEGE_HALL_B,COLLEGE_HALL_B,350,Wednesday_8-9,2,300
EIE 517,Unknown Lecturer,115,STUDIO400,STUDIO400,120,Wednesday_2-3,1,500
BUA 315,Unknown Lecturer,115,LT2,LT2,1400,Friday_10-11,2,300
BUA316/BUS415,Unknown Lecturer,115,CHEM_LAB_112,CHEM_LAB_112,140,Tuesday_11-12,2,300/400
ARC312,Dr. Sholanke Anthony Babatunde,115,CEDS BUILDING,CEDS BUILDING,200,Wednesday_11-12,2,300
MCE552,Unknown Lecturer,115,HALL105PHYLAB,HALL105PHYLAB,150,Wednesday_12-1,2,500
BIO 219,Prof. Nwinyi Obinna Chukwuemeka,115,CHE 500LH,CHE 500LH,150,Tuesday_9-10,1,200
ESM318,Unknown Lecturer,115,ICE500LH,ICE500LH,180,Saturday_10-11,2,300
BUA312,Unknown Lecturer,114,MASS COMM STUDIO,MASS COMM STUDIO,120,Friday_5-6,2,300
CVE334,Prof. Ede Anthony Ekem,114,E202,E202,250,Wednesday_4-5,2,300
CVE435,Engr. Justin Lazarus Dillula,114,CHEM_LAB_113,CHEM_LAB_113,140,Saturday_8-9,2,300
CVE335/ CEE313,Dr. Oyebisi Solomon Olakunle,114,CHAPEL,CHAPEL,1200,Tuesday_12-1,2,300
MCE 553,Unknown Lecturer,114,STUDIO 300,STUDIO 300,180,Wednesday_1-2,2,500
PHY317,Unknown Lecturer,114,MASSCOM STUDIO,MASSCOM STUDIO,120,Wednesday_4-5,2,300
ACC316/332,Dr. Oluseyi-Sowunmi Oyedayo Sharon,114,LT1,LT1,2500,Monday_11-12,1,300
ICE518,Unknown Lecturer,114,E401B,E401B,180,Tuesday_11-12,1,500
MCE 533,Unknown Lecturer,114,CHEM LAB (HALL113),CHEM LAB (HALL113),160,Monday_2-3,1,500
PET 511,Mr. Ipinsokan Sunday Bolu,113,HALL108,HALL108,350,Saturday_10-11,2,500
EIE318,Unknown Lecturer,113,HALL306,HALL306,350,Monday_9-10,1,300
MCB314/332,Unknown Lecturer,113,HALL204,HALL204,400,Friday_9-10,2,300
ACC311,Prof. Iyoha Francis Odianonsen,113,G301,G301,200,Wednesday_1-2,1,300
EEE531,Dr. Sanni Timilelehin Fiyinfoluwa,113,E401B,E401B,180,Saturday_12-1,2,500
ICH319,Unknown Lecturer,113,SQLNEWHORIZON,SQLNEWHORIZON,180,Monday_3-4,3,300
ICE514,Unknown Lecturer,113,G301,G301,200,Wednesday_12-1,2,500
ESM514,Unknown Lecturer,113,PET 300LH,PET 300LH,220,Saturday_12-1,2,500
CMS311,Unknown Lecturer,112,COLLEGE_HALL_B,COLLEGE_HALL_B,350,Friday_1-2,2,300
BIO219,Prof. Obembe Olawole Odun,112,SQLNEWHORIZON,SQLNEWHORIZON,180,Thursday_12-1,2,200
ICE 513,Unknown Lecturer,112,BCH_LAB,BCH_LAB,150,Thursday_9-10,2,500
BIO215/231,Dr. Oziegbe Olubukola,112,HALL213PHYLAB,HALL213PHYLAB,150,Thursday_12-1,2,200
PET533,Engr. Dr. Oluwasanmi Olabode,112,PTE 500LH,PTE 500LH,150,Tuesday_1-2,1,500
IMT314,Unknown Lecturer,112,LIBRARY,LIBRARY,500,Wednesday_8-9,2,300
EEE414,Mrs. Ifijeh Ayodele Hephzibar,112,CVE 500LH,CVE 500LH,150,Monday_3-4,1,400
PET312,Engr. Dr. Onuh Yunusa Charles,111,FLUID LAB,FLUID LAB,120,Thursday_3-4,1,300
PSI313,Unknown Lecturer,111,PTE 500LH,PTE 500LH,150,Thursday_10-11,1,300
EIE313,Unknown Lecturer,111,MCE 300LH,MCE 300LH,220,Thursday_8-9,2,300
LIT311,Unknown Lecturer,111,SEMINARROOM,SEMINARROOM,120,Thursday_11-12,2,300
ECN 331,Unknown Lecturer,111,CENTRE CLASS,CENTRE CLASS,180,Monday_4-5,2,300
MCE517,Unknown Lecturer,111,CHEM LAB (HALL111),CHEM LAB (HALL111),160,Tuesday_12-1,2,500
ESM314/31 9,Unknown Lecturer,110,CEDS BUILDING,CEDS BUILDING,200,Saturday_5-6,2,300
FIN 315,Unknown Lecturer,110,SEMINARROOM,SEMINARROOM,120,Tuesday_5-6,2,300
EIE 312/ EIE 335,Unknown Lecturer,110,STUDIO 100,STUDIO 100,280,Thursday_10-11,2,300
ECN316/ ECO315,Unknown Lecturer,110,BIO_LAB,BIO_LAB,150,Friday_12-1,2,300
MKT316,Unknown Lecturer,110,CEDS/MKT LAB,CEDS/MKT LAB,120,Tuesday_8-9,2,300
BUS416,Unknown Lecturer,110,STUDIO 200,STUDIO 200,240,Tuesday_11-12,2,400
MAT337,Mr. Adoghe Victor Osahon,110,FLUID LAB,FLUID LAB,120,Wednesday_8-9,1,300
MTH313/ MAT319,Dr. Oluwadare Julius Remi,110,CVE 400LH,CVE 400LH,180,Wednesday_8-9,2,300
ESM 519,Unknown Lecturer,110,BIO_LAB,BIO_LAB,150,Saturday_12-1,2,500
PHY354,Unknown Lecturer,109,SQLNEWHORIZON,SQLNEWHORIZON,180,Monday_10-11,2,300
BUD315,Unknown Lecturer,109,A201,A201,220,Monday_4-5,2,300
ACC332/31 6,Prof. Iyoha Francis Odianonsen,109,STUDIO 300,STUDIO 300,180,Friday_9-10,2,300
BCH357,Dr. Rotimi Oluwakemi Anuoluwapo,109,MCE 300LH,MCE 300LH,220,Thursday_1-2,2,300
EEE 510,Prof. Adoghe Uwakhonye Anthony,109,CVE 300LH,CVE 300LH,220,Monday_11-12,1,500
CEN317/417,Unknown Lecturer,109,MASSCOM STUDIO,MASSCOM STUDIO,120,Thursday_12-1,2,300
BLD514,Unknown Lecturer,108,LAB,LAB,150,Tuesday_9-10,2,500
BLD519,Unknown Lecturer,108,HALL105PHYLAB,HALL105PHYLAB,150,Wednesday_2-3,2,500
ESM517,Unknown Lecturer,108,MCE 300LH,MCE 300LH,220,Friday_10-11,2,500
BLD317,Unknown Lecturer,108,BCH_LAB,BCH_LAB,150,Tuesday_1-2,2,300
CEN512,Unknown Lecturer,108,MCE 500LH,MCE 500LH,150,Tuesday_2-3,2,300
ESM512,Unknown Lecturer,108,COMPUTER LAB,COMPUTER LAB,250,Tuesday_1-2,2,500
ACC 318,Dr. Eriabie Sylvester Osarumwense,108,E202,E202,250,Monday_3-4,2,300
PSY317,Dr. Gbadebo Adejumo,108,LANG LAB,LANG LAB,120,Tuesday_10-11,2,300
FRE332,Unknown Lecturer,108,HALL213PHYLAB,HALL213PHYLAB,150,Friday_2-3,1,300
ENG 311,Dr. English Lecturer (ENG placeholder),107,LT2,LT2,1400,Tuesday_11-12,2,300
MCB311,Unknown Lecturer,107,CEN500LH,CEN500LH,180,Thursday_10-11,1,300
MCM316,Unknown Lecturer,107,HALL307,HALL307,350,Friday_1-2,2,300
ACC316,Dr. Eriabie Sylvester Osarumwense,107,HALL108,HALL108,350,Monday_8-9,1,300
CVE533,Dr. Akinwumi Isaac Ibukun,107,GBL,GBL,200,Wednesday_9-10,1,500
BLD516,Unknown Lecturer,107,CEN500LH,CEN500LH,180,Wednesday_12-1,2,500
MCM314,Unknown Lecturer,107,COLLEGE_HALL_A,COLLEGE_HALL_A,350,Monday_8-9,2,300
BLD518,Unknown Lecturer,107,B301,B301,200,Saturday_12-1,2,500
PET510,Mr. Ojegbile Peter Oluwaseyi,107,PTE 500LH,PTE 500LH,150,Thursday_8-9,2,500
ICE513,Unknown Lecturer,107,LARGELH,LARGELH,1000,Friday_3-4,2,500
MCE 505,Unknown Lecturer,106,CHEM LAB (HALL111),CHEM LAB (HALL111),160,Thursday_12-1,1,500
GEC 310,Unknown Lecturer,106,COMPUTER LAB,COMPUTER LAB,250,Monday_1-2,2,300
MCB 311,Unknown Lecturer,106,COMPUTER_LAB,COMPUTER_LAB,300,Tuesday_5-6,2,300
SOC315/335,Dr. Olonade Olawale Yinusa,106,CHEM LAB (HALL111),CHEM LAB (HALL111),160,Thursday_1-2,2,300
ICH318,Unknown Lecturer,106,E201,E201,250,Monday_4-5,2,300
COV EHR313,Unknown Lecturer,105,HALL203,HALL203,400,Wednesday_2-3,2,300
ICH315,Unknown Lecturer,105,B301,B301,200,Thursday_1-2,2,300
PET 314/ PEE 333,Dr. Adali Francis Eromosele,105,PTE 300LH,PTE 300LH,220,Wednesday_9-10,2,300
ICE515,Unknown Lecturer,105,HALL213PHYLAB,HALL213PHYLAB,150,Friday_8-9,2,500
MCE312/ MEE312,Unknown Lecturer,105,COLLEGE_HALL_A,COLLEGE_HALL_A,350,Wednesday_10-11,2,300
BUD 318,Unknown Lecturer,105,CVE 300LH,CVE 300LH,220,Wednesday_8-9,2,300
MCE518,Unknown Lecturer,105,STUDIO400,STUDIO400,120,Friday_3-4,2,500
PHY335,Unknown Lecturer,105,CHEM LAB (HALL111),CHEM LAB (HALL111),160,Saturday_4-5,2,300
BIO211,Dr. Ayanda Opeyemi Isaac,104,TEMP_HALL_2,TEMP_HALL_2,250,Saturday_9-10,2,200
MCE536,Unknown Lecturer,104,G201,G201,220,Friday_11-12,2,500
ICE516,Unknown Lecturer,104,PHY_LAB,PHY_LAB,150,Saturday_11-12,1,500
CIT310,Unknown Lecturer,104,CHEM LAB (HALL113),CHEM LAB (HALL113),160,Tuesday_2-3,1,300
PET317/ PEE331,Ms. Aghaulor Gift Ihienma,104,LT1,LT1,2500,Thursday_12-1,2,300
MCB331,Unknown Lecturer,104,SQLNEWHORIZON,SQLNEWHORIZON,180,Wednesday_8-9,2,300
MCE 538,Unknown Lecturer,104,CVE 200LH,CVE 200LH,250,Thursday_3-4,1,500
EHR315,Unknown Lecturer,104,HALL105(PHY LAB),HALL105(PHY LAB),140,Friday_9-10,2,300
FIN316,Unknown Lecturer,104,H401,H401,180,Wednesday_5-6,1,300
CVE 332,Prof. Olukanni David Olatunde,104,CHEM LAB (HALL113),CHEM LAB (HALL113),160,Wednesday_3-4,2,300
PHY351/313,Unknown Lecturer,103,HALL302(PHY LAB),HALL302(PHY LAB),220,Monday_5-6,2,300
CVE336/CEE312,Dr. Mark Oluwaseun Grace,103,HALL302PHYLAB,HALL302PHYLAB,180,Friday_2-3,2,300
MCM318,Unknown Lecturer,103,MKT LAB,MKT LAB,120,Tuesday_9-10,2,300
COV EHR318,Unknown Lecturer,103,HALL213(PHY LAB),HALL213(PHY LAB),130,Friday_12-1,2,300
PSY311,Dr. Onyekachi Marcelus Odo,103,MASSCOM STUDIO,MASSCOM STUDIO,120,Monday_10-11,2,300
IRL311,Unknown Lecturer,102,GBL,GBL,200,Tuesday_8-9,3,300
SOC313,Prof. Imhonopi David,101,E101,E101,250,Tuesday_3-4,2,300
BUS419,Unknown Lecturer,101,B301,B301,200,Monday_10-11,2,400
BUS410,Unknown Lecturer,101,LIBRARY,LIBRARY,500,Thursday_12-1,2,400
ESM513,Unknown Lecturer,101,E101,E101,250,Saturday_12-1,2,500
BUA316,Unknown Lecturer,101,TEMP_HALL_1,TEMP_HALL_1,250,Tuesday_1-2,2,300
ARC 311/ 331,Dr. Ekhaese Eghosa Noel,101,HALL105PHYLAB,HALL105PHYLAB,150,Wednesday_1-2,3,300
EHR311,Unknown Lecturer,101,HALL302(PHY LAB),HALL302(PHY LAB),220,Tuesday_9-10,2,300
PSY332,Dr. Gbadebo Adejumo,100,A201,A201,220,Saturday_8-9,2,300
MAT 317/ MTH 311,Prof. Akewe Hudson,100,CHEM_LAB_111,CHEM_LAB_111,140,Monday_11-12,1,300
MCE533,Unknown Lecturer,100,LAB,LAB,150,Friday_2-3,2,500
PET536,Mr. Kehinde Awelewa Emmanuel,100,CEDS/MKT LAB,CEDS/MKT LAB,120,Saturday_11-12,2,500
EIE 513,Unknown Lecturer,100,STUDIO 22,STUDIO 22,100,Monday_11-12,1,300
CSC416,Prof. Oni Aderonke Atinuke,100,CHEM LAB (HALL113),CHEM LAB (HALL113),160,Wednesday_8-9,2,400
GET 312,Unknown Lecturer,99,OVERFLOW_HALL_1,OVERFLOW_HALL_1,1000,Wednesday_11-12,2,300
ESM317,Unknown Lecturer,99,CHEM LAB (HALL113),CHEM LAB (HALL113),160,Tuesday_10-11,2,300
MKT314,Unknown Lecturer,99,CHE 300LH,CHE 300LH,220,Thursday_11-12,2,300
SSC312(PS I),Unknown Lecturer,99,CHEM LAB (HALL113),CHEM LAB (HALL113),160,Friday_1-2,2,300
INS 311,Unknown Lecturer,99,BCH LAB,BCH LAB,180,Thursday_12-1,2,300
MCB316/318,Unknown Lecturer,98,MCB LAB(HALL 212),MCB LAB(HALL 212),180,Wednesday_3-4,1,300
PSY331,Dr. Onyekachi Marcelus Odo,98,E202,E202,250,Saturday_3-4,2,300
MCE519,Unknown Lecturer,98,STUDIO 22,STUDIO 22,100,Thursday_11-12,1,500
PET530,Mr. Kehinde Awelewa Emmanuel,98,FLUID LAB,FLUID LAB,120,Thursday_10-11,2,500
PSS316,Unknown Lecturer,98,STUDIO300,STUDIO300,180,Friday_8-9,2,300
HMD311,Unknown Lecturer,98,UNKNOWN,UNKNOWN,100,Saturday_1-2,1,300
CHM311,Dr. Akinsiku Anuoluwa Abimbola,98,E401B,E401B,180,Thursday_3-4,2,300
ESM315,Unknown Lecturer,98,PHY_LAB,PHY_LAB,150,Saturday_10-11,2,300
PET 532,Dr. Dike Humphrey Nwenenda,98,E401B,E401B,180,Monday_3-4,2,500
BCH316,Prof. Ogunlana Olubanke Olujoke,98,C401,C401,180,Friday_9-10,2,300
MKT313,Unknown Lecturer,97,E101,E101,250,Monday_2-3,2,300
EIE512,Unknown Lecturer,97,COMPUTER LAB,COMPUTER LAB,250,Wednesday_9-10,2,500
IRL315,Unknown Lecturer,97,HALL302PHYLAB,HALL302PHYLAB,180,Tuesday_1-2,2,300
CEN510,Unknown Lecturer,97,ICE500LH,ICE500LH,180,Thursday_9-10,1,500
ICH316,Unknown Lecturer,97,F301,F301,220,Tuesday_12-1,2,300
ARC319/336,Prof. Oluwatayo Adedapo Adewunmi,97,F301,F301,220,Saturday_4-5,2,300
CHE313/33 3/ TCH311,Mrs. Akinyemi Akinnike Felicia,97,MASS COMM STUDIO,MASS COMM STUDIO,120,Thursday_3-4,2,300
FIN319/411,Unknown Lecturer,97,STUDIO 400,STUDIO 400,120,Friday_9-10,1,300/400
ENG331,Dr. English Lecturer (ENG placeholder),97,UNKNOWN,UNKNOWN,100,Thursday_12-1,2,300
ICH317,Unknown Lecturer,97,CENTRE CLASS CHE,CENTRE CLASS CHE,200,Saturday_10-11,2,300
SOC311/331,Prof. Imhonopi David,97,E202,E202,250,Wednesday_5-6,2,300
MAC 333,Prof. Omojola Oladokun,96,E101,E101,250,Thursday_8-9,1,300
CHE335/TCH313,Mr. Adeshina Ayo Joshua,96,STUDIO 300,STUDIO 300,180,Wednesday_3-4,2,300
MAT337/ IMT311,Prof. Samuel Iyase Azubuike,96,SQL NEW HORIZON,SQL NEW HORIZON,180,Tuesday_4-5,2,300
PET532,Engr. Dr. Onuh Yunusa Charles,96,HALL302(PHY LAB),HALL302(PHY LAB),220,Tuesday_8-9,2,500
ARC315/335,Mrs. Ekeh Eseoghene Yvonne,96,BCH LAB,BCH LAB,180,Friday_8-9,2,300
ACC437,Dr. Okougbo Peace Onuwabhagbe,96,BCH_LAB,BCH_LAB,150,Tuesday_12-1,1,400
PSI 417,Unknown Lecturer,95,UNKNOWN,UNKNOWN,100,Tuesday_1-2,1,400
ENG 415,Dr. English Lecturer (ENG placeholder),95,CHEM_LAB_112,CHEM_LAB_112,140,Saturday_12-1,2,400
BLD411,Unknown Lecturer,95,E401A,E401A,180,Tuesday_10-11,2,400
ECN412,Unknown Lecturer,95,HALL302(PHY LAB),HALL302(PHY LAB),220,Thursday_9-10,2,400
MCE 412,Unknown Lecturer,95,CHAPEL,CHAPEL,1200,Friday_10-11,1,400
IRL414,Unknown Lecturer,95,CHEM_LAB_112,CHEM_LAB_112,140,Wednesday_2-3,2,400
BFN/FIN418,Unknown Lecturer,95,MCE 300LH,MCE 300LH,220,Saturday_12-1,2,400
MCB411,Unknown Lecturer,95,CENTRE CLASS CHE,CENTRE CLASS CHE,200,Friday_8-9,2,400
BLD511,Unknown Lecturer,95,FLUID LAB,FLUID LAB,120,Saturday_9-10,2,500
BLD515,Unknown Lecturer,95,STUDIO200,STUDIO200,220,Saturday_1-2,2,500
MIS 414,Unknown Lecturer,95,PSY LAB,PSY LAB,100,Saturday_3-4,2,400
ESM431,Unknown Lecturer,95,G301,G301,200,Friday_2-3,2,400
PSY410,Prof. Gesinde Abiodun,94,PHY_LAB,PHY_LAB,150,Monday_8-9,2,400
MCE416,Unknown Lecturer,94,CVE 300LH,CVE 300LH,220,Friday_4-5,2,400
BUS 410,Unknown Lecturer,94,HALL213(PHY LAB),HALL213(PHY LAB),130,Wednesday_4-5,1,400
MCE513,Unknown Lecturer,94,HALL213PHYLAB,HALL213PHYLAB,150,Tuesday_3-4,2,500
ARC419,Dr. Babalola Daniel Olatunde,94,HALL201,HALL201,450,Tuesday_9-10,2,400
MAT434,Dr. Mbata Ahamerula Ugochukwu,94,HALL105PHYLAB,HALL105PHYLAB,150,Thursday_9-10,2,400
MKT412,Unknown Lecturer,93,C301,C301,220,Tuesday_3-4,2,400
PET414,Dr. Adali Francis Eromosele,93,HALL302(PHY LAB),HALL302(PHY LAB),220,Saturday_12-1,1,400
SOC418,Dr. Olonade Olawale Yinusa,93,SQL NEW HORIZON,SQL NEW HORIZON,180,Tuesday_2-3,2,400
BCH439,Prof. Chinedu Shalom Nwodo,93,HALL302PHYLAB,HALL302PHYLAB,180,Monday_1-2,2,400
CVE417/431,Engr. Sani Reuben Orumah,92,PHY_LAB,PHY_LAB,150,Thursday_2-3,2,400
PSY418,Prof. Adekeye Olujide,92,GBL,GBL,200,Saturday_12-1,2,400
BUS 412,Unknown Lecturer,92,HALL105PHYLAB,HALL105PHYLAB,150,Monday_12-1,2,400
MIS414,Unknown Lecturer,92,HALL302(PHY LAB),HALL302(PHY LAB),220,Monday_9-10,2,400
EIE 432,Unknown Lecturer,92,TEMP_HALL_2,TEMP_HALL_2,250,Friday_12-1,1,400
EIE431,Unknown Lecturer,92,MCE 300LH,MCE 300LH,220,Monday_10-11,2,400
ESM516,Unknown Lecturer,92,F401,F401,180,Monday_3-4,2,500
BLD 415,Unknown Lecturer,92,PTE 500LH,PTE 500LH,150,Wednesday_2-3,2,400
ARC410,Mrs. Odiah Onyeka Esther Yvonne,92,HALL202,HALL202,450,Thursday_10-11,2,400
PSY 417,Dr. Samson Femi Agberotimi,92,MCE 500LH,MCE 500LH,150,Monday_8-9,2,400
BCH433,Prof. Iweala Emeka Joshua,92,HALL105PHYLAB,HALL105PHYLAB,150,Saturday_5-6,2,400
ESM412,Unknown Lecturer,92,E401B,E401B,180,Wednesday_2-3,2,400
TMC511,Unknown Lecturer,92,HALL302PHYLAB,HALL302PHYLAB,180,Tuesday_12-1,1,500
ARC416,Dr. Sholanke Anthony Babatunde,92,UNKNOWN,UNKNOWN,100,Saturday_2-3,4,400
EEE417,Mrs. Ajilore Adejumoke Aderonke,92,H401,H401,180,Wednesday_3-4,2,400
CEN515,Unknown Lecturer,92,HALL307,HALL307,350,Tuesday_12-1,1,500
SOC411,Prof. Imhonopi David,91,CENTRE CLASS,CENTRE CLASS,180,Thursday_8-9,2,400
MAC 431,Dr. Oyesomi Kehinde Opeyemi,91,BIOLAB,BIOLAB,140,Thursday_12-1,2,400
IRH 411,Unknown Lecturer,91,HALL203,HALL203,400,Wednesday_12-1,1,400
PHY316,Unknown Lecturer,91,CVE 400LH,CVE 400LH,180,Friday_11-12,2,300
ARC415,Dr. Babalola Daniel Olatunde,91,BIOLAB,BIOLAB,140,Friday_3-4,1,400
ICE 518,Unknown Lecturer,91,CENTRE CLASS,CENTRE CLASS,180,Tuesday_8-9,2,500
MKT415,Unknown Lecturer,91,HALL108,HALL108,350,Monday_11-12,2,400
ACC417,Dr. Alawode Olufemi Peter,91,C301,C301,220,Wednesday_1-2,2,400
CVE 537,Dr. Mark Oluwaseun Grace,91,MASSCOM STUDIO,MASSCOM STUDIO,120,Monday_11-12,3,500
CVE 538,Prof. Olukanni David Olatunde,91,CVE 500LH,CVE 500LH,150,Monday_1-2,1,500
CEN 513,Unknown Lecturer,91,CVE 400LH,CVE 400LH,180,Thursday_3-4,1,500
EIE516,Unknown Lecturer,90,MCB LAB(HALL 212),MCB LAB(HALL 212),180,Saturday_2-3,2,500
ESM418,Unknown Lecturer,90,HALL302(PHY LAB),HALL302(PHY LAB),220,Monday_8-9,2,400
BLD513,Unknown Lecturer,90,PTE 300LH,PTE 300LH,220,Friday_3-4,2,500
CHM435,Prof. Ajani Olayinke Ojewale,90,MCB LAB(HALL 212),MCB LAB(HALL 212),180,Thursday_8-9,2,400
SOC415,Dr. Allo Tolulope Abiola,90,A201,A201,220,Saturday_12-1,2,400
BCH452,Dr. Rotimi Oluwakemi Anuoluwapo,90,STUDIO 200,STUDIO 200,240,Tuesday_4-5,2,400
CHM412,Dr. Adedapo Emmanuel Adebusayo,90,CHE 300LH,CHE 300LH,220,Tuesday_11-12,2,400
MAC411,Dr. Ekanem Thelma Ededet,89,CBN_AUDITORIUM,CBN_AUDITORIUM,700,Wednesday_5-6,2,400
BFN/FIN41 3,Unknown Lecturer,89,PSY LAB,PSY LAB,100,Tuesday_11-12,2,400
IRH415,Unknown Lecturer,89,CEDS BUILDING,CEDS BUILDING,200,Thursday_8-9,2,400
BCH431,Prof. Ogunlana Olubanke Olujoke,89,CVE 200LH,CVE 200LH,250,Thursday_12-1,2,400
PSS 415,Unknown Lecturer,89,SQL NEW HORIZON,SQL NEW HORIZON,180,Saturday_11-12,2,400
BCH413,Dr. Rotimi Oluwakemi Anuoluwapo,89,CHEM_LAB_113,CHEM_LAB_113,140,Wednesday_3-4,2,400
CHE 319/ 335/ TCH 313,Dr. Alagbe Edith Egbimhanlu,89,HALL108,HALL108,350,Friday_4-5,2,300
IRL 413,Unknown Lecturer,89,F401,F401,180,Wednesday_5-6,1,400
TMC411,Unknown Lecturer,89,HALL307,HALL307,350,Thursday_2-3,1,400
EDS512,Unknown Lecturer,89,STUDIO 300,STUDIO 300,180,Monday_12-1,1,500
PET531,Mr. Kehinde Awelewa Emmanuel,88,HALL306,HALL306,350,Wednesday_8-9,2,500
CVE414/432,Mrs. Temitayo K. Fagbola,88,STUDIO 100,STUDIO 100,280,Wednesday_2-3,2,400
MAC 419,Dr. Osere Nkem JaneFrances,88,MCB_LAB,MCB_LAB,180,Monday_8-9,2,400
IRH416,Unknown Lecturer,88,E202,E202,250,Saturday_9-10,1,400
BUS418,Unknown Lecturer,88,CEN500LH,CEN500LH,180,Saturday_10-11,2,400
PSY 414,Prof. Gesinde Abiodun,88,G301,G301,200,Monday_5-6,2,400
MCE553,Unknown Lecturer,88,CHE 500LH,CHE 500LH,150,Tuesday_8-9,2,500
CVE431,Engr. Chidiebere Ezenkwa,88,PHY_LAB,PHY_LAB,150,Saturday_1-2,2,400
BCH418,Dr. Dokunmu Titilope Modupe,88,CHE 400LH,CHE 400LH,180,Saturday_2-3,2,400
CVE 431,Dr. Oluwafemi John Oluwatobi,88,MCB_LAB,MCB_LAB,180,Wednesday_3-4,1,400
ESM416,Unknown Lecturer,88,MCE 500LH,MCE 500LH,150,Friday_9-10,2,400
BFN/FIN415,Unknown Lecturer,88,MASSCOM NEWSROOM,MASSCOM NEWSROOM,100,Wednesday_3-4,2,400
CVE536,Dr. Mark Oluwaseun Grace,88,F401,F401,180,Tuesday_11-12,2,500
MCB 418,Unknown Lecturer,88,COLLEGE_HALL_A,COLLEGE_HALL_A,350,Saturday_11-12,2,400
CVE415/435,Dr. Mark Oluwaseun Grace,88,TEMP_HALL_2,TEMP_HALL_2,250,Thursday_8-9,1,400
BFN 417/ FIN 417,Unknown Lecturer,87,LT1,LT1,2500,Tuesday_11-12,2,400
ARC 412,Dr. Adewale Bukola Adejoke,87,MCE WORKSHOP,MCE WORKSHOP,100,Monday_10-11,2,400
POS413,Unknown Lecturer,87,HALL213(PHY LAB),HALL213(PHY LAB),130,Saturday_11-12,2,400
CVE 438,Engr. Sani Reuben Orumah,87,MCB_LAB,MCB_LAB,180,Tuesday_8-9,1,400
MCE515,Unknown Lecturer,87,STUDIO200,STUDIO200,220,Thursday_11-12,2,500
MAT 431,Prof. Timothy Anake Ashibel,87,MCE 500LH,MCE 500LH,150,Saturday_9-10,1,400
PHY 337,Unknown Lecturer,87,E201,E201,250,Thursday_2-3,2,300
MCE434,Unknown Lecturer,87,OVERFLOW_HALL_1,OVERFLOW_HALL_1,1000,Saturday_9-10,2,400
MIS412,Unknown Lecturer,86,STUDIO 500,STUDIO 500,100,Tuesday_10-11,2,400
PHY 332,Unknown Lecturer,86,STUDIO 300,STUDIO 300,180,Thursday_4-5,2,300
IRL411,Unknown Lecturer,86,HALL308,HALL308,250,Tuesday_8-9,1,400
MCE 431,Unknown Lecturer,86,HALL307,HALL307,350,Wednesday_12-1,2,400
ACC 433,Dr. Nwobu Obiamaka,86,MCE 500LH,MCE 500LH,150,Thursday_10-11,2,400
ESM511,Unknown Lecturer,86,LANG LAB,LANG LAB,120,Monday_12-1,2,500
PRE411,Unknown Lecturer,86,STUDIO 300,STUDIO 300,180,Monday_5-6,1,400
GEC517,Unknown Lecturer,86,HALL302(PHY LAB),HALL302(PHY LAB),220,Friday_12-1,2,500
FIN/ BFN 411/ 319,Unknown Lecturer,86,MASS COMM STUDIO,MASS COMM STUDIO,120,Saturday_3-4,2,400/ 300
BLD 518,Unknown Lecturer,86,HALL203,HALL203,400,Tuesday_2-3,2,500
EIE413/ ICE413,Unknown Lecturer,86,TEMP_HALL_2,TEMP_HALL_2,250,Monday_1-2,2,400
CIT 411,Unknown Lecturer,85,WORKSHOP,WORKSHOP,100,Tuesday_10-11,1,400
PET410,Engr. Dr. Oluwasanmi Olabode,85,STUDIO 300,STUDIO 300,180,Friday_11-12,2,400
PSY412,Dr. Agoha Benedict,85,F401,F401,180,Saturday_10-11,2,400
BUS414,Unknown Lecturer,85,PTE 500LH,PTE 500LH,150,Monday_2-3,1,400
CEN 515,Unknown Lecturer,85,SEMINARROOM,SEMINARROOM,120,Wednesday_10-11,1,500
MCE433,Unknown Lecturer,84,CHEM LAB (HALL113),CHEM LAB (HALL113),160,Monday_12-1,2,400
CVE539,Prof. Olukanni David Olatunde,84,TEMP_HALL_2,TEMP_HALL_2,250,Monday_9-10,2,500
SEN211/ CSC411,Unknown Lecturer,84,STUDIO 100,STUDIO 100,280,Saturday_8-9,2,400/200
CHE312/332 TCH312,Dr. Okoji Anthony Ikechukwu,84,E101,E101,250,Tuesday_1-2,3,300
PET 533,Dr. Mosobalaje Olatunde Olu,84,HALL107,HALL107,500,Saturday_2-3,2,500
MCB416,Unknown Lecturer,84,HALL105PHYLAB,HALL105PHYLAB,150,Monday_3-4,1,400
PSS412,Unknown Lecturer,84,MCB_LAB,MCB_LAB,180,Wednesday_5-6,1,400
CHM471,Dr. Ehi-Eromosele Cyril Osereme,84,STUDIO200,STUDIO200,220,Friday_9-10,2,400
MCB415,Unknown Lecturer,84,HALL107,HALL107,500,Saturday_4-5,2,400
BFN/FIN41 5,Unknown Lecturer,84,ICE500LH,ICE500LH,180,Friday_8-9,2,400
BUS417,Unknown Lecturer,84,STUDIO 22,STUDIO 22,100,Tuesday_11-12,2,400
EIE510,Unknown Lecturer,84,OVERFLOW_HALL_2,OVERFLOW_HALL_2,800,Thursday_1-2,1,500
CHE512/53 2,Dr. Agboola Oluranti,83,GBL,GBL,200,Thursday_3-4,2,500
ARC417,Dr. Ekhaese Eghosa Noel,83,A201,A201,220,Wednesday_5-6,2,400
CEN514,Unknown Lecturer,83,MCE 300LH,MCE 300LH,220,Saturday_8-9,2,500
ICE512,Unknown Lecturer,83,CHEM LAB (HALL111),CHEM LAB (HALL111),160,Tuesday_9-10,1,400
PSS 412,Unknown Lecturer,83,MCE 500LH,MCE 500LH,150,Friday_3-4,2,400
PSY413,Dr. Sussan Olufunmilola Adeusi,83,CHEM_LAB_111,CHEM_LAB_111,140,Tuesday_8-9,2,400
ECN413,Unknown Lecturer,83,PET 300LH,PET 300LH,220,Tuesday_11-12,2,400
ECN416,Unknown Lecturer,82,MASSCOM STUDIO,MASSCOM STUDIO,120,Saturday_10-11,2,400
CHE511/531,Mrs. Akinyemi Akinnike Felicia,82,MCB LAB(HALL 212),MCB LAB(HALL 212),180,Wednesday_1-2,1,500
PET 410,Mr. Ipinsokan Sunday Bolu,82,E301,E301,220,Saturday_3-4,1,400
MIS413,Unknown Lecturer,82,HALL308,HALL308,250,Monday_2-3,2,400
ECN411,Unknown Lecturer,82,COLLEGE_HALL_B,COLLEGE_HALL_B,350,Wednesday_10-11,2,400
BIO336,Dr. Bello Oluwakemi Adetutu,82,BIOLAB,BIOLAB,140,Tuesday_8-9,2,300
MCE537,Unknown Lecturer,82,BCH_LAB,BCH_LAB,150,Monday_11-12,2,500
MAT411,Dr. Akingbade Toluwalase Janet,82,E301,E301,220,Friday_5-6,2,400
ARC414,Mr. Ugah Uzodinma Kelechi,82,HALL204,HALL204,400,Thursday_12-1,2,400
EIE418,Unknown Lecturer,82,CEN500LH,CEN500LH,180,Friday_11-12,2,400
MIS415,Unknown Lecturer,81,BIO_LAB,BIO_LAB,150,Wednesday_10-11,1,400
CVE534,Engr. Ogagaoghene Odokuma,81,CHEMLAB(HALL 112),CHEMLAB(HALL 112),150,Thursday_10-11,1,500
PET534,Mr. Ojegbile Peter Oluwaseyi,81,F301,F301,220,Tuesday_9-10,2,500
MAT415,Dr. Akingbade Toluwalase Janet,81,COLLEGE_HALL_A,COLLEGE_HALL_A,350,Friday_12-1,2,400
PSI411,Unknown Lecturer,81,HALL313,HALL313,100,Wednesday_5-6,2,400
BLD418,Unknown Lecturer,81,ICE500LH,ICE500LH,180,Monday_12-1,2,400
PHY319,Unknown Lecturer,81,CHEM LAB (HALL111),CHEM LAB (HALL111),160,Thursday_3-4,3,300
MCE415,Unknown Lecturer,81,CHE 200LH,CHE 200LH,250,Monday_11-12,1,400
ECN414,Unknown Lecturer,81,CHE 400LH,CHE 400LH,180,Saturday_5-6,2,400
ESM414,Unknown Lecturer,81,COMPUTER_LAB,COMPUTER_LAB,300,Thursday_3-4,2,400
EIE 411,Unknown Lecturer,81,HALL107,HALL107,500,Friday_2-3,2,400
CHE317/33 4,Dr. Babatunde Damilola Elizabeth,81,MCB_LAB,MCB_LAB,180,Wednesday_9-10,2,300
PSY416,Dr. Onyekachi Marcelus Odo,80,LAB,LAB,150,Friday_10-11,2,400
CVE438,Dr. Olofinnade Oluwarotimi Michael,80,FLUID LAB,FLUID LAB,120,Monday_8-9,2,400
BFN/FIN412,Unknown Lecturer,80,STUDIO300,STUDIO300,180,Monday_4-5,1,400
DLD211,Unknown Lecturer,80,CBN_AUDITORIUM,CBN_AUDITORIUM,700,Thursday_1-2,2,400
MAT 417,Mr. Adoghe Victor Osahon,80,OVERFLOW_HALL_1,OVERFLOW_HALL_1,1000,Wednesday_9-10,1,400
ICE 517,Unknown Lecturer,80,STUDIO 500,STUDIO 500,100,Tuesday_3-4,2,500
ESM411,Unknown Lecturer,80,G201,G201,220,Tuesday_9-10,2,400
BIO315,Dr. Bello Oluwakemi Adetutu,80,HALL105(PHY LAB),HALL105(PHY LAB),140,Tuesday_10-11,2,300
MCE411,Unknown Lecturer,80,H301,H301,220,Saturday_5-6,2,400
MAC432,Dr. Nwantah Nkirukah Favour,80,CEN500LH,CEN500LH,180,Monday_3-4,2,400
EIE416/316,Unknown Lecturer,80,CVE 500LH,CVE 500LH,150,Saturday_10-11,2,400/300
CEN416,Unknown Lecturer,80,LT2,LT2,1400,Monday_5-6,2,400
PRE 410,Unknown Lecturer,79,CHE 300LH,CHE 300LH,220,Friday_11-12,2,400
PSI417,Unknown Lecturer,79,G301,G301,200,Friday_11-12,3,400
BLD414,Unknown Lecturer,79,STUDIO 22,STUDIO 22,100,Friday_2-3,2,400
BCH411,Prof. Iweala Emeka Joshua,79,GBL,GBL,200,Thursday_1-2,2,400
MAT 433,Mrs. Agbesuyi Moyosor Oluwabukunmi,79,STUDIO400,STUDIO400,120,Wednesday_4-5,2,400
ECN 417,Unknown Lecturer,79,MASSCOM NEWSROOM,MASSCOM NEWSROOM,100,Tuesday_4-5,2,400
CHE 514,Prof. Efeovbokhan Vincent Enontiemonria,78,LANG LAB,LANG LAB,120,Monday_2-3,2,500
PHY314,Unknown Lecturer,78,CHE 300LH,CHE 300LH,220,Wednesday_4-5,2,300
CVE436,Prof. Olukanni David Olatunde,78,BCH_LAB,BCH_LAB,150,Tuesday_2-3,1,400
ENG 411,Dr. Language Lecturer (LAN placeholder),78,CHE 500LH,CHE 500LH,150,Friday_12-1,2,400
MKT414,Unknown Lecturer,78,ICE500LH,ICE500LH,180,Thursday_3-4,1,400
ACC411,Dr. Alawode Olufemi Peter,78,STUDIO 22,STUDIO 22,100,Monday_9-10,2,400
IRL412,Unknown Lecturer,78,CHE 400LH,CHE 400LH,180,Friday_11-12,2,400
ESM 413,Unknown Lecturer,78,E201,E201,250,Monday_9-10,2,400
ACC 413,Dr. Ilogho Simon Osiregbemhe,78,BIO_LAB,BIO_LAB,150,Thursday_3-4,1,400
PET 413,Ms. Olaniyan Damilola Deborah,77,COLLEGE_HALL_A,COLLEGE_HALL_A,350,Friday_9-10,1,400
MKT 414,Unknown Lecturer,77,SQLNEWHORIZON,SQLNEWHORIZON,180,Thursday_8-9,2,400
ENG 416,Dr. Language Lecturer (LAN placeholder),77,C401,C401,180,Tuesday_4-5,2,400
SOC 413,Mr. Olore Amos Adebayo,77,STUDIO400,STUDIO400,120,Tuesday_8-9,2,400
PSY415,Dr. Gbadebo Adejumo,77,STUDIO300,STUDIO300,180,Monday_2-3,2,400
MCB417,Unknown Lecturer,77,SQL NEW HORIZON,SQL NEW HORIZON,180,Monday_9-10,1,400
ICE418,Unknown Lecturer,77,E101,E101,250,Wednesday_5-6,2,400
ICE417,Unknown Lecturer,77,CHEM_LAB_111,CHEM_LAB_111,140,Wednesday_4-5,2,400
BLD 413,Unknown Lecturer,77,G301,G301,200,Saturday_1-2,2,400
BIO 334,Dr. Oniha Margaret Ikhiwili,77,STUDIO 300,STUDIO 300,180,Saturday_8-9,2,300
MAT431,Dr. Alao Grace Olafunke,76,EIE LAB,EIE LAB,120,Monday_5-6,2,400
ENG414,Dr. English Lecturer (ENG placeholder),76,HALL313,HALL313,100,Monday_9-10,2,400
ESM415,Unknown Lecturer,76,COLLEGE_HALL_B,COLLEGE_HALL_B,350,Thursday_5-6,2,400
ENG416,Dr. English Lecturer (ENG placeholder),76,E202,E202,250,Tuesday_5-6,2,400
BIO312,Prof. Obembe Olawole Odun,76,SQLNEWHORIZON,SQLNEWHORIZON,180,Tuesday_8-9,2,300
BCH 436,Prof. Rotimi Solomon Oladapo,76,E401B,E401B,180,Saturday_8-9,2,400
CVE 416/ 436,Dr. Oyebisi Solomon Olakunle,76,STUDIO300,STUDIO300,180,Monday_12-1,2,400
MKT411,Unknown Lecturer,76,CHAPEL,CHAPEL,1200,Wednesday_12-1,2,400
PHY416,Unknown Lecturer,76,TEMP_HALL_2,TEMP_HALL_2,250,Thursday_2-3,2,400
BIO319,Dr. Benson Adeola Elizabeth,76,LT2,LT2,1400,Saturday_5-6,2,300
ARC413,Dr. Aduwo Bridget Egidario,75,E201,E201,250,Thursday_1-2,2,400
MCB 417,Unknown Lecturer,75,CHE 400LH,CHE 400LH,180,Thursday_9-10,1,400
MAC415,Dr. Nwantah Nkirukah Favour,75,CHEM_LAB_111,CHEM_LAB_111,140,Saturday_1-2,2,400
ENG417,Dr. Language Lecturer (LAN placeholder),75,E401A,E401A,180,Wednesday_10-11,2,400
BCH434,Prof. Chinedu Shalom Nwodo,75,MCE WORKSHOP,MCE WORKSHOP,100,Friday_9-10,1,400
MAT432,Dr. Odetunmibi Oluwole Akinwunmi,75,CHEMLAB(HALL 112),CHEMLAB(HALL 112),150,Monday_4-5,1,400
ENG411,Dr. English Lecturer (ENG placeholder),75,HALL105PHYLAB,HALL105PHYLAB,150,Tuesday_9-10,1,400
CHE 310/ 331,Dr. Ayoola Ayodeji Ayodele,75,CEDS BUILDING,CEDS BUILDING,200,Saturday_2-3,2,300
ICE 418,Unknown Lecturer,75,E101,E101,250,Thursday_3-4,1,400
CHM455,Dr. Adedapo Emmanuel Adebusayo,75,CVE 400LH,CVE 400LH,180,Wednesday_1-2,2,400
BCH 438,Prof. Ogunlana Olubanke Olujoke,75,COLLEGE_HALL_B,COLLEGE_HALL_B,350,Saturday_4-5,2,400
CVE 433,Engr. Chidiebere Ezenkwa,74,LT2,LT2,1400,Thursday_11-12,2,400
EDS411,Unknown Lecturer,74,OVERFLOW_HALL_1,OVERFLOW_HALL_1,1000,Tuesday_1-2,1,400
CHE 513/ 533,Dr. Oladimeji Temitope Elizabeth,74,B301,B301,200,Tuesday_10-11,1,500
PHY411,Unknown Lecturer,74,PET 300LH,PET 300LH,220,Monday_2-3,2,400
PRE416,Unknown Lecturer,74,FLUID LAB,FLUID LAB,120,Tuesday_9-10,2,400
CIT413,Unknown Lecturer,74,HALL105PHYLAB,HALL105PHYLAB,150,Monday_5-6,1,400
POS412,Unknown Lecturer,74,MCE WORKSHOP,MCE WORKSHOP,100,Tuesday_2-3,1,400
PSS415,Unknown Lecturer,74,CHE 400LH,CHE 400LH,180,Thursday_5-6,1,400
CHE 512 / 532,Dr. Sanni Samuel Eshorame,74,BIO_LAB,BIO_LAB,150,Friday_11-12,2,500
MCE412,Unknown Lecturer,73,F401,F401,180,Saturday_1-2,2,400
ICE415,Unknown Lecturer,73,E202,E202,250,Tuesday_1-2,2,400
POS 411,Unknown Lecturer,73,MCE 400LH,MCE 400LH,180,Thursday_1-2,2,400
PSS 411,Unknown Lecturer,73,HALL203,HALL203,400,Tuesday_8-9,1,400
PHY413,Unknown Lecturer,73,CHE 500LH,CHE 500LH,150,Tuesday_10-11,2,400
MAT413,Mrs. Agbesuyi Moyosor Oluwabukunmi,73,STUDIO200,STUDIO200,220,Thursday_8-9,2,400
PHY436,Unknown Lecturer,73,CHAPEL,CHAPEL,1200,Saturday_4-5,2,400
CHE315/TC H315,Mr. Adeshina Ayo Joshua,73,BIOLAB,BIOLAB,140,Tuesday_4-5,1,300
IRL413,Unknown Lecturer,73,HALL107,HALL107,500,Tuesday_9-10,2,400
ACC433,Dr. Okougbo Peace Onuwabhagbe,73,FLUID LAB,FLUID LAB,120,Friday_5-6,1,400
ACC412,Dr. Nwobodo Helen Ohioren,73,TEMP_HALL_2,TEMP_HALL_2,250,Tuesday_3-4,1,400
EIE412,Unknown Lecturer,73,EIE500LH,EIE500LH,180,Saturday_3-4,1,400
CHE534/51 7,Dr. Igbokwe Ezinne Chinonye,72,BCH LAB,BCH LAB,180,Tuesday_8-9,2,500
ACC414,Dr. Alawode Olufemi Peter,72,STUDIO100,STUDIO100,250,Thursday_4-5,2,400
SOC417,Dr. Allo Tolulope Abiola,72,LIBRARY,LIBRARY,500,Wednesday_9-10,2,400
ARC411,Mrs. Odiah Onyeka Esther Yvonne,72,HALL307,HALL307,350,Wednesday_5-6,3,400
PHY435,Unknown Lecturer,72,COLLEGE_HALL_A,COLLEGE_HALL_A,350,Tuesday_3-4,2,400
PHY 438,Unknown Lecturer,72,PTE 300LH,PTE 300LH,220,Wednesday_4-5,2,400
ACC416,Dr. Omodero Onyinyechi Cordelia,72,G301,G301,200,Thursday_1-2,2,400
CHE 530,Prof. Efeovbokhan Vincent Enontiemonria,71,COLLEGE_HALL_A,COLLEGE_HALL_A,350,Tuesday_8-9,2,500
PET411,Mr. Ojegbile Peter Oluwaseyi,71,PSY LAB,PSY LAB,100,Tuesday_3-4,1,400
MKT416,Unknown Lecturer,71,CHEMLAB(HALL 112),CHEMLAB(HALL 112),150,Saturday_3-4,2,400
BIO338,Prof. Nwinyi Obinna Chukwuemeka,71,HALL202,HALL202,450,Friday_2-3,2,300
CHM414,Prof. Williams Akan Bassey,71,CHEM_LAB_112,CHEM_LAB_112,140,Friday_11-12,2,400
CVE434,Dr. Olofinnade Oluwarotimi Michael,71,SQL NEW HORIZON,SQL NEW HORIZON,180,Friday_5-6,2,400
IRH411,Unknown Lecturer,71,STUDIO 400,STUDIO 400,120,Thursday_2-3,2,400
SOC412,Mr. Olore Amos Adebayo,71,MASS COMM STUDIO,MASS COMM STUDIO,120,Thursday_1-2,2,400
PSS413,Unknown Lecturer,71,COMPUTER_LAB,COMPUTER_LAB,300,Saturday_12-1,1,400
PET413,Engr. Dr. Onuh Yunusa Charles,71,LT1,LT1,2500,Monday_1-2,2,400
MCE418,Unknown Lecturer,71,E401A,E401A,180,Tuesday_9-10,2,400
BLD416,Unknown Lecturer,70,E301,E301,220,Wednesday_3-4,2,400
ARC 411,Dr. Omoyeni Fulani,70,LIBRARY,LIBRARY,500,Wednesday_10-11,3,400
POS411,Unknown Lecturer,70,CHAPEL,CHAPEL,1200,Wednesday_10-11,1,400
ENG412,Dr. Language Lecturer (LAN placeholder),70,HALL108,HALL108,350,Saturday_12-1,1,400
POS 413,Unknown Lecturer,70,OVERFLOW_HALL_1,OVERFLOW_HALL_1,1000,Wednesday_10-11,1,400
ESM 417,Unknown Lecturer,70,HALL202,HALL202,450,Saturday_3-4,1,400
CHE310/33 1,Dr. Alagbe Edith Egbimhanlu,70,CENTRE CLASS CHE,CENTRE CLASS CHE,200,Saturday_12-1,1,300
BIO 335,Dr. Isibor Patrick Omoregie,69,MCB LAB(HALL 212),MCB LAB(HALL 212),180,Thursday_1-2,2,300
MAT433,Dr. Mbata Ahamerula Ugochukwu,69,HALL204,HALL204,400,Wednesday_5-6,1,400
CHM499,Dr. Adedapo Emmanuel Adebusayo,69,HALL108,HALL108,350,Friday_2-3,2,400
MCB414,Unknown Lecturer,69,HALL204,HALL204,400,Saturday_2-3,1,400
MAC412,Dr. Peter Ada Sonia,69,CEN500LH,CEN500LH,180,Thursday_12-1,2,400
FIN418,Unknown Lecturer,69,CHE 500LH,CHE 500LH,150,Thursday_10-11,1,400
SOC 412,Prof. George Tayo Ola,69,HALL204,HALL204,400,Tuesday_11-12,2,400
PSY411,Dr. Onyekachi Marcelus Odo,69,FLUID LAB,FLUID LAB,120,Tuesday_2-3,2,400
MAC410,Dr. Oyesomi Kehinde Opeyemi,69,STUDIO400,STUDIO400,120,Monday_9-10,2,400
PHY439,Unknown Lecturer,69,MCE 400LH,MCE 400LH,180,Tuesday_3-4,2,400
PET 411,Engr. Dr. Onuh Yunusa Charles,69,OVERFLOW_HALL_1,OVERFLOW_HALL_1,1000,Monday_11-12,2,400
MAT414,Dr. Imaga Ogbu Famous,69,HALL302PHYLAB,HALL302PHYLAB,180,Wednesday_5-6,1,400
PHY415,Unknown Lecturer,68,STUDIO 22,STUDIO 22,100,Wednesday_2-3,2,400
MCE 411,Unknown Lecturer,68,CENTRE CLASS CHE,CENTRE CLASS CHE,200,Tuesday_11-12,2,400
MCB 413,Unknown Lecturer,68,SEMINARROOM,SEMINARROOM,120,Monday_1-2,2,400
CHM 436,Dr. Adekoya Joseph Adeyemi,68,PSY LAB,PSY LAB,100,Tuesday_5-6,2,400
CHE536,Prof. Ayeni Omoniyi Augustine,68,STUDIO100,STUDIO100,250,Saturday_3-4,2,500
PET418,Mr. Ojegbile Peter Oluwaseyi,68,F401,F401,180,Tuesday_4-5,1,400
BLD412,Unknown Lecturer,68,STUDIO 300,STUDIO 300,180,Saturday_5-6,2,400
MIS 418,Unknown Lecturer,68,C301,C301,220,Saturday_8-9,2,400
BFN/FIN416,Unknown Lecturer,67,F301,F301,220,Monday_2-3,2,400
ICE 414,Unknown Lecturer,67,MCE 400LH,MCE 400LH,180,Wednesday_9-10,1,400
CHM431,Dr. Adedapo Emmanuel Adebusayo,67,CHEM_LAB_112,CHEM_LAB_112,140,Saturday_9-10,2,400
GEC410,Unknown Lecturer,67,HALL306,HALL306,350,Saturday_4-5,2,400
MAT417,Dr. Oluwadare Julius Remi,67,BCH_LAB,BCH_LAB,150,Friday_5-6,2,400
BIO 317,Mr. Oyesola Olusola Luke,67,HALL308,HALL308,250,Thursday_2-3,1,300
BFN/FIN413,Unknown Lecturer,67,PHY_LAB,PHY_LAB,150,Wednesday_5-6,1,400
PSS 413,Unknown Lecturer,66,PET 300LH,PET 300LH,220,Friday_3-4,2,400
PET 414,Mr. Ipinsokan Sunday Bolu,66,COLLEGE_HALL_B,COLLEGE_HALL_B,350,Thursday_11-12,2,400
PSS411,Unknown Lecturer,66,WORKSHOP,WORKSHOP,100,Friday_8-9,2,400
MAC414,Mrs. Bamigbolayin-Afolabi Oluwafolafunmi Omoladun,66,CENTRE CLASS,CENTRE CLASS,180,Friday_11-12,2,400
PHY412,Unknown Lecturer,66,SEMINARROOM,SEMINARROOM,120,Saturday_4-5,2,400
BLD417,Unknown Lecturer,66,LAB,LAB,150,Friday_3-4,2,400
PET 419,Dr. Dike Humphrey Nwenenda,66,PHY_LAB,PHY_LAB,150,Tuesday_4-5,2,400
ICE 413,Unknown Lecturer,66,E101,E101,250,Monday_12-1,1,400
ENG418,Dr. Language Lecturer (LAN placeholder),66,G201,G201,220,Thursday_5-6,2,400
ENG410,Dr. English Lecturer (ENG placeholder),66,PET 300LH,PET 300LH,220,Monday_1-2,2,400
CHM 455,Dr. Anake Winifred Uduak,65,CHE 300LH,CHE 300LH,220,Saturday_8-9,2,400
ARC 418,Dr. Olagunju Omoniyi Ogheneruemu,65,PET 300LH,PET 300LH,220,Friday_8-9,2,400
MAT 432,Dr. Imaga Ogbu Famous,65,STUDIO100,STUDIO100,250,Friday_11-12,2,400
SOC414,Mr. Olore Amos Adebayo,65,CHE 500LH,CHE 500LH,150,Wednesday_8-9,3,400
CHM417,Prof. Williams Akan Bassey,65,STUDIO 22,STUDIO 22,100,Saturday_8-9,2,400
IRH415/EHR215,Unknown Lecturer,65,HALL302(PHY LAB),HALL302(PHY LAB),220,Saturday_11-12,2,400/200
MCE431,Unknown Lecturer,65,COLLEGE_HALL_B,COLLEGE_HALL_B,350,Thursday_8-9,1,400
BCH435,Prof. Rotimi Solomon Oladapo,65,UNKNOWN,UNKNOWN,100,Friday_3-4,2,400
MAT 434,Prof. Timothy Anake Ashibel,65,HALL302PHYLAB,HALL302PHYLAB,180,Monday_2-3,1,400
MAT412,Dr. Adedotun Adedayo Funmi,65,CHEM_LAB_113,CHEM_LAB_113,140,Wednesday_5-6,1,400
CEN434,Unknown Lecturer,65,PHY_LAB,PHY_LAB,150,Saturday_4-5,2,400
CVE437,Engr. Emmanuel Aremu,65,LT2,LT2,1400,Thursday_10-11,2,400
CEN 417,Unknown Lecturer,64,FLUID LAB,FLUID LAB,120,Wednesday_3-4,1,400
BIO 337,Prof. Oranusi Solomon Uche,64,COLLEGE_HALL_B,COLLEGE_HALL_B,350,Tuesday_10-11,2,300
BIO331,Dr. Ayanda Opeyemi Isaac,64,STUDIO 300,STUDIO 300,180,Saturday_2-3,2,300
SOC 419,Dr. Adetunde Christiana Olufunke,64,E301,E301,220,Wednesday_10-11,2,400
BIO311,Dr. Aworunse Rotimi Samuel,64,CBN_AUDITORIUM,CBN_AUDITORIUM,700,Saturday_8-9,2,300
ECN415,Unknown Lecturer,64,OVERFLOW_HALL_2,OVERFLOW_HALL_2,800,Wednesday_1-2,2,400
CHE515,Prof. Efeovbokhan Vincent Enontiemonria,64,A201,A201,220,Thursday_10-11,1,500
EIE414,Unknown Lecturer,64,STUDIO 300,STUDIO 300,180,Monday_1-2,2,400
HMD411,Unknown Lecturer,64,CHE 400LH,CHE 400LH,180,Friday_1-2,1,400
PET419,Mr. Kehinde Awelewa Emmanuel,64,HALL213(PHY LAB),HALL213(PHY LAB),130,Saturday_9-10,1,400
SOC 416,Dr. Egharevba Matthew Etinosa,64,HALL313,HALL313,100,Wednesday_11-12,2,400
PHY434,Unknown Lecturer,63,STUDIO 100,STUDIO 100,280,Wednesday_12-1,2,400
CHE415/435,Dr. Alagbe Edith Egbimhanlu,63,STUDIO300,STUDIO300,180,Tuesday_11-12,2,400
BIO314,Dr. Benson Adeola Elizabeth,63,HALL201,HALL201,450,Wednesday_5-6,2,300
CHE417,Prof. Ayeni Omoniyi Augustine,63,LANG LAB,LANG LAB,120,Wednesday_5-6,2,400
PHY419,Unknown Lecturer,62,FLUID LAB,FLUID LAB,120,Wednesday_4-5,2,400
CHE530,Prof. Omoleye Abiodun James,62,STUDIO400,STUDIO400,120,Thursday_2-3,1,500
CHE416/436,Dr. Igbokwe Ezinne Chinonye,62,HALL107,HALL107,500,Wednesday_11-12,1,400
BIO332,Prof. Omonhinmin Asotie Conrad,61,LAB,LAB,150,Wednesday_10-11,2,300
CHE513/533,Dr. Sanni Samuel Eshorame,61,TEMP_HALL_2,TEMP_HALL_2,250,Thursday_10-11,2,500
CHE414/434,Mr. Adeshina Ayo Joshua,60,BCH_LAB,BCH_LAB,150,Wednesday_9-10,2,400
CHE517/53 4,Dr. Ayoola Ayodeji Ayodele,60,STUDIO 500,STUDIO 500,100,Monday_9-10,1,500
PHY432,Unknown Lecturer,60,E202,E202,250,Friday_8-9,2,400
PHY431,Unknown Lecturer,60,CENTRE CLASS,CENTRE CLASS,180,Thursday_9-10,2,400
CHE410/418,Dr. Babatunde Damilola Elizabeth,57,CVE 300LH,CVE 300LH,220,Wednesday_5-6,2,4400
CHE514,Dr. Abatan Olubunmi Grace,57,CVE 400LH,CVE 400LH,180,Monday_10-11,1,500
BIO415,Dr. Aworunse Rotimi Samuel,56,STUDIO400,STUDIO400,120,Thursday_8-9,2,400
BIO419,Dr. Isibor Patrick Omoregie,56,A201,A201,220,Friday_11-12,2,400
CHE 411/ 432,Dr. Oke Michael Abidemi,55,E201,E201,250,Wednesday_12-1,2,400
PHY417,Unknown Lecturer,55,BIOLAB,BIOLAB,140,Friday_5-6,2,400
BIO432,Prof. Omonhinmin Asotie Conrad,53,STUDIO 500,STUDIO 500,100,Thursday_12-1,2,400
PHY418,Unknown Lecturer,53,STUDIO300,STUDIO300,180,Friday_1-2,3,400
CHE434/41 4,Dr. Abatan Olubunmi Grace,53,TEMP_HALL_2,TEMP_HALL_2,250,Tuesday_8-9,1,400
BIO416,Prof. Obembe Olawole Odun,52,FLUID LAB,FLUID LAB,120,Thursday_4-5,2,400
CHE411,Dr. Abatan Olubunmi Grace,50,E301,E301,220,Thursday_8-9,1,400
CHE 433/ 413,Dr. Ayoola Ayodeji Ayodele,49,CHE 300LH,CHE 300LH,220,Friday_5-6,2,400
CHE410/41 8,Dr. Babatunde Damilola Elizabeth,49,HALL306,HALL306,350,Wednesday_2-3,1,400
CHE433/413,Dr. Sanni Samuel Eshorame,49,E301,E301,220,Monday_5-6,2,400
BIO418,Prof. Akinnola Olayemi Oluseun,49,STUDIO 400,STUDIO 400,120,Saturday_8-9,1,400
BIO 418,Prof. Obembe Olawole Odun,48,CHE 200LH,CHE 200LH,250,Thursday_9-10,2,400
BIO 419,Prof. Omonhinmin Asotie Conrad,47,BCH LAB,BCH LAB,180,Tuesday_12-1,1,400
BIO411,Prof. Obembe Olawole Odun,46,GBL,GBL,200,Saturday_1-2,1,400
BIO 431,Dr. Oziegbe Olubukola,42,G201,G201,220,Monday_4-5,2,400
BIO414,Dr. Ahuekwe Eze Frank,39,HALL213(PHY LAB),HALL213(PHY LAB),130,Tuesday_1-2,2,400
